year,month,month_name,tmax,tmin,period,tmean
1895,1,Jan,4.25090909,-4.382727363,historical,-0.065909136
1895,2,Feb,1.610909104,-8.338181799,historical,-3.363636347
1895,3,Mar,11.10909081,0.566363626,historical,5.837727215
1895,4,Apr,17.31454554,6.207272746,historical,11.76090915
1895,5,May,22.25181822,11.74363639,historical,16.99772731
1895,6,Jun,29.37636358,17.74272711,historical,23.55954534
1895,7,Jul,28.31636394,17.00090929,historical,22.65863661
1895,8,Aug,31.68636391,19.46636356,historical,25.57636374
1895,9,Sep,28.73999994,16.65454535,historical,22.69727265
1895,10,Oct,18.06181821,4.376363624,historical,11.21909092
1895,11,Nov,13.12454536,3.338181799,historical,8.231363578
1895,12,Dec,8.257272764,-0.763636367,historical,3.746818198
1896,1,Jan,6.487272739,-2.881818208,historical,1.802727266
1896,2,Feb,7.159090909,-2.033636364,historical,2.562727273
1896,3,Mar,9.084545309,-0.680909082,historical,4.201818113
1896,4,Apr,19.38454541,8.347272613,historical,13.86590901
1896,5,May,25.77999982,14.4190907,historical,20.09954526
1896,6,Jun,26.98727261,16.47727264,historical,21.73227262
1896,7,Jul,30.46181817,20.71727285,historical,25.58954551
1896,8,Aug,30.35363631,18.03545449,historical,24.1945454
1896,9,Sep,25.76727278,15.02000011,historical,20.39363644
1896,10,Oct,17.56727288,6.7218181,historical,12.14454549
1896,11,Nov,15.87545447,4.619090904,historical,10.24727269
1896,12,Dec,6.612727295,-3.377272714,historical,1.617727291
1897,1,Jan,3.683636405,-5.17181817,historical,-0.744090882
1897,2,Feb,6.749090888,-1.789999984,historical,2.479545452
1897,3,Mar,13.0727272,2.418181788,historical,7.745454496
1897,4,Apr,18.12454536,5.507272677,historical,11.81590902
1897,5,May,22.99272763,11.61363645,historical,17.30318204
1897,6,Jun,26.74545444,15.89818174,historical,21.32181809
1897,7,Jul,30.37363659,19.83545459,historical,25.10454559
1897,8,Aug,28.79636383,16.84090909,historical,22.81863646
1897,9,Sep,26.61909086,13.51727278,historical,20.06818182
1897,10,Oct,19.56454537,9.158181797,historical,14.36136358
1897,11,Nov,12.37181811,2.546363635,historical,7.459090872
1897,12,Dec,7.279999993,-1.182727261,historical,3.048636366
1898,1,Jan,6.558181806,-0.904545451,historical,2.826818178
1898,2,Feb,6.342727314,-3.792727254,historical,1.27500003
1898,3,Mar,14.15818188,4.491818081,historical,9.324999983
1898,4,Apr,15.95727279,5.864545519,historical,10.91090915
1898,5,May,23.88272719,12.9936363,historical,18.43818175
1898,6,Jun,29.95818173,17.02363638,historical,23.49090906
1898,7,Jul,31.77181816,21.04090881,historical,26.40636349
1898,8,Aug,30.52545426,20.30181798,historical,25.41363612
1898,9,Sep,28.35909098,16.05272735,historical,22.20590917
1898,10,Oct,19.78545466,9.659090822,historical,14.72227274
1898,11,Nov,11.52999999,2.770000046,historical,7.15000002
1898,12,Dec,6.779090881,-2.122727286,historical,2.328181798
1899,1,Jan,5.526363676,-4.165454626,historical,0.680454525
1899,2,Feb,1.889090896,-7.315454613,historical,-2.713181859
1899,3,Mar,10.34545448,1.576363629,historical,5.960909052
1899,4,Apr,19.45090883,6.04636357,historical,12.7486362
1899,5,May,24.87272731,12.18818188,historical,18.53045459
1899,6,Jun,30.16909079,17.97363593,historical,24.07136336
1899,7,Jul,31.58181849,19.2936365,historical,25.43772749
1899,8,Aug,29.87272748,18.78545432,historical,24.3290909
1899,9,Sep,25.9199999,13.0845454,historical,19.50227265
1899,10,Oct,20.72000018,9.379999941,historical,15.05000006
1899,11,Nov,13.62727269,1.983636368,historical,7.80545453
1899,12,Dec,7.919090921,-2.92363635,historical,2.497727286
1900,1,Jan,6.687272722,-3.395454558,historical,1.645909082
1900,2,Feb,6.640909065,-4.683636405,historical,0.97863633
1900,3,Mar,9.241818255,-1.220909081,historical,4.010454587
1900,4,Apr,17.94272718,6.095454563,historical,12.01909087
1900,5,May,25.34545448,11.41454532,historical,18.3799999
1900,6,Jun,28.39090885,17.64818192,historical,23.01954538
1900,7,Jul,32.70090935,20.12090891,historical,26.41090913
1900,8,Aug,32.75272751,20.71636356,historical,26.73454553
1900,9,Sep,29.1718183,17.99727266,historical,23.58454548
1900,10,Oct,21.68000013,11.51545447,historical,16.5977273
1900,11,Nov,14.08999998,4.64181822,historical,9.3659091
1900,12,Dec,6.721818144,-3.069090908,historical,1.826363618
1901,1,Jan,5.514545484,-3.159999977,historical,1.177272753
1901,2,Feb,3.678181822,-6.444545442,historical,-1.38318181
1901,3,Mar,12.96272729,1.395454515,historical,7.179090901
1901,4,Apr,15.16545452,5.629090916,historical,10.39727272
1901,5,May,23.14272742,11.48909101,historical,17.31590921
1901,6,Jun,28.39090902,16.75181857,historical,22.5713638
1901,7,Jul,32.25181805,21.29818188,historical,26.77499997
1901,8,Aug,29.4009089,19.79818171,historical,24.59954531
1901,9,Sep,25.63000037,13.78727271,historical,19.70863654
1901,10,Oct,20.14636317,6.279090925,historical,13.21272705
1901,11,Nov,9.847272786,-0.817272727,historical,4.51500003
1901,12,Dec,5.997272795,-4.230000084,historical,0.883636355
1902,1,Jan,4.404545481,-5.160909089,historical,-0.378181804
1902,2,Feb,2.551818132,-6.10272724,historical,-1.775454554
1902,3,Mar,14.17999996,2.081818223,historical,8.130909091
1902,4,Apr,17.6718183,5.546363657,historical,11.60909098
1902,5,May,25.43000013,11.99818186,historical,18.714091
1902,6,Jun,29.28363644,15.43090907,historical,22.35727276
1902,7,Jul,31.66454541,19.08090921,historical,25.37272731
1902,8,Aug,29.14181848,16.37090908,historical,22.75636378
1902,9,Sep,25.34454536,13.7809091,historical,19.56272723
1902,10,Oct,20.06545448,8.830908949,historical,14.44818172
1902,11,Nov,16.05818185,5.500909025,historical,10.77954544
1902,12,Dec,5.353636395,-2.803636378,historical,1.275000009
1903,1,Jan,4.644545382,-3.810000008,historical,0.417272687
1903,2,Feb,7.833636457,-3.016363621,historical,2.408636418
1903,3,Mar,15.84000007,4.515454552,historical,10.17772731
1903,4,Apr,17.78454555,6.269090956,historical,12.02681825
1903,5,May,24.99545444,11.57545454,historical,18.28545449
1903,6,Jun,24.61272691,15.019091,historical,19.81590895
1903,7,Jul,30.95999978,18.43181818,historical,24.69590898
1903,8,Aug,27.17090901,17.95636368,historical,22.56363635
1903,9,Sep,26.16545469,13.5681819,historical,19.8668183
1903,10,Oct,19.81909076,8.735454559,historical,14.27727266
1903,11,Nov,12.34545465,-0.581818185,historical,5.881818232
1903,12,Dec,4.699090914,-5.395454493,historical,-0.34818179
1904,1,Jan,2.279999982,-7.947272604,historical,-2.833636311
1904,2,Feb,3.115454522,-7.737272739,historical,-2.310909109
1904,3,Mar,10.90999993,0.070909091,historical,5.490454512
1904,4,Apr,15.93909082,3.962727222,historical,9.950909019
1904,5,May,25.23636367,11.89272733,historical,18.5645455
1904,6,Jun,27.77363673,16.31545474,historical,22.04454574
1904,7,Jul,29.70272706,18.28454573,historical,23.99363639
1904,8,Aug,29.00454539,17.39545441,historical,23.1999999
1904,9,Sep,26.35636364,14.10181808,historical,20.22909086
1904,10,Oct,19.67090901,5.587272731,historical,12.62909087
1904,11,Nov,11.57454534,0.557272719,historical,6.065909029
1904,12,Dec,4.129999984,-5.49636364,historical,-0.683181828
1905,1,Jan,3.604545507,-6.296363657,historical,-1.345909075
1905,2,Feb,1.776363633,-7.89909094,historical,-3.061363654
1905,3,Mar,13.68363641,1.582727286,historical,7.633181846
1905,4,Apr,19.45272723,5.86727268,historical,12.65999996
1905,5,May,25.42727262,12.33727264,historical,18.88227263
1905,6,Jun,28.10727276,16.62363616,historical,22.36545446
1905,7,Jul,30.42999996,19.84727253,historical,25.13863624
1905,8,Aug,28.91818185,18.21818178,historical,23.56818182
1905,9,Sep,26.49727266,13.81999995,historical,20.15863631
1905,10,Oct,21.00272734,7.750000043,historical,14.37636369
1905,11,Nov,13.39727263,0.441818185,historical,6.919545408
1905,12,Dec,8.256363522,-2.388181816,historical,2.934090853
1906,1,Jan,9.356363557,-0.538181809,historical,4.409090874
1906,2,Feb,7.470909119,-4.660909046,historical,1.405000036
1906,3,Mar,7.883636431,-0.457272724,historical,3.713181853
1906,4,Apr,20.40090908,6.330909079,historical,13.36590908
1906,5,May,25.56000016,11.39181822,historical,18.47590919
1906,6,Jun,28.38454541,17.69818202,historical,23.04136372
1906,7,Jul,29.42363618,19.26272722,historical,24.3431817
1906,8,Aug,29.27727283,20.98727261,historical,25.13227272
1906,9,Sep,27.46636373,17.37909092,historical,22.42272732
1906,10,Oct,18.45909084,9.137272748,historical,13.79818179
1906,11,Nov,13.67999996,2.531818173,historical,8.105909066
1906,12,Dec,6.682727294,-2.240909089,historical,2.220909102
1907,1,Jan,7.729090951,-2.787272735,historical,2.470909108
1907,2,Feb,3.350909081,-7.054545403,historical,-1.851818161
1907,3,Mar,15.40363624,2.215454513,historical,8.809545376
1907,4,Apr,15.00090911,3.207272725,historical,9.104090918
1907,5,May,21.66000002,9.308181849,historical,15.48409094
1907,6,Jun,24.39818157,13.32181835,historical,18.85999996
1907,7,Jul,29.86454548,18.40363624,historical,24.13409086
1907,8,Aug,28.05272709,16.99818178,historical,22.52545443
1907,9,Sep,26.51363616,15.40363633,historical,20.95863624
1907,10,Oct,18.10818152,4.06090912,historical,11.08454532
1907,11,Nov,12.20090901,2.00999998,historical,7.105454494
1907,12,Dec,8.571818178,-1.268181823,historical,3.651818178
1908,1,Jan,6.149090897,-3.875454513,historical,1.136818192
1908,2,Feb,3.987272761,-5.530909105,historical,-0.771818172
1908,3,Mar,14.47909095,2.684545452,historical,8.581818201
1908,4,Apr,20.14181796,6.266363664,historical,13.20409081
1908,5,May,24.00363627,12.94818185,historical,18.47590906
1908,6,Jun,28.46181835,15.70909084,historical,22.08545459
1908,7,Jul,31.50454521,19.71727285,historical,25.61090903
1908,8,Aug,28.39545458,17.62000015,historical,23.00772736
1908,9,Sep,25.44727256,13.62818172,historical,19.53772714
1908,10,Oct,21.05454532,8.977272727,historical,15.01590902
1908,11,Nov,14.06454546,1.389090917,historical,7.726818188
1908,12,Dec,7.86363632,-2.313636346,historical,2.774999987
1909,1,Jan,6.958181815,-2.328181798,historical,2.315000008
1909,2,Feb,12.4681817,0.299090907,historical,6.383636302
1909,3,Mar,11.32545445,-0.094545453,historical,5.615454499
1909,4,Apr,18.55454566,5.79454539,historical,12.17454553
1909,5,May,24.25727255,11.22454548,historical,17.74090901
1909,6,Jun,28.07545471,17.77090905,historical,22.92318188
1909,7,Jul,29.82818187,17.33181832,historical,23.5800001
1909,8,Aug,29.35636347,16.86818192,historical,23.1122727
1909,9,Sep,24.81272749,13.14,historical,18.97636375
1909,10,Oct,18.08363637,5.048181837,historical,11.5659091
1909,11,Nov,17.33999981,4.15000003,historical,10.74499992
1909,12,Dec,5.06545457,-4.584545482,historical,0.240454544
1910,1,Jan,5.372727307,-4.17545453,historical,0.598636389
1910,2,Feb,6.390909065,-3.832727281,historical,1.279090892
1910,3,Mar,17.56818216,3.670000011,historical,10.61909109
1910,4,Apr,20.87363642,7.722727342,historical,14.29818188
1910,5,May,22.62727287,10.34909084,historical,16.48818185
1910,6,Jun,25.75272699,15.58636371,historical,20.66954535
1910,7,Jul,31.15454552,19.11545459,historical,25.13500006
1910,8,Aug,28.60818169,17.90272713,historical,23.25545441
1910,9,Sep,27.50454556,15.89636361,historical,21.70045458
1910,10,Oct,22.1999999,8.9627272,historical,15.58136355
1910,11,Nov,9.982727398,0.53727273,historical,5.260000064
1910,12,Dec,3.558181828,-6.095454606,historical,-1.268636389
1911,1,Jan,8.552727352,-2.137272705,historical,3.207727324
1911,2,Feb,7.876363624,-2.093636372,historical,2.891363626
1911,3,Mar,11.82909081,-1.382727276,historical,5.223181768
1911,4,Apr,16.26909083,4.150000009,historical,10.20954542
1911,5,May,28.27636372,12.87727278,historical,20.57681825
1911,6,Jun,28.83454531,16.50454513,historical,22.66954522
1911,7,Jul,32.58272761,19.33818193,historical,25.96045477
1911,8,Aug,30.59636359,19.03363661,historical,24.8150001
1911,9,Sep,26.54454543,16.12818198,historical,21.33636371
1911,10,Oct,19.01272739,9.383636301,historical,14.19818185
1911,11,Nov,11.44363646,1.351818182,historical,6.397727321
1911,12,Dec,9.672727411,0.480909092,historical,5.076818252
1912,1,Jan,1.340909091,-8.979999976,historical,-3.819545442
1912,2,Feb,4.247272773,-5.933636362,historical,-0.843181794
1912,3,Mar,10.27818186,-0.300000002,historical,4.989090927
1912,4,Apr,19.59636359,6.951818163,historical,13.27409088
1912,5,May,24.29272686,12.48363642,historical,18.38818164
1912,6,Jun,26.8336362,15.93454543,historical,21.38409081
1912,7,Jul,29.61363636,18.7063635,historical,24.15999993
1912,8,Aug,28.79000005,17.38454541,historical,23.08727273
1912,9,Sep,26.37272731,16.96454551,historical,21.66863641
1912,10,Oct,21.8418182,8.226363572,historical,15.03409089
1912,11,Nov,14.72272734,2.64636367,historical,8.684545506
1912,12,Dec,9.39181822,-1.478181796,historical,3.956818212
1913,1,Jan,12.02545461,0.363636359,historical,6.194545483
1913,2,Feb,8.082727389,-3.345454563,historical,2.368636413
1913,3,Mar,15.44727273,3.102727261,historical,9.274999998
1913,4,Apr,19.28363644,7.49818182,historical,13.39090913
1913,5,May,24.18272747,11.64727272,historical,17.91500009
1913,6,Jun,28.61090903,16.46727267,historical,22.53909085
1913,7,Jul,31.56909058,18.97999989,historical,25.27454524
1913,8,Aug,28.93727268,18.00636361,historical,23.47181814
1913,9,Sep,25.4545458,14.35272737,historical,19.90363659
1913,10,Oct,19.7936365,10.63636372,historical,15.21500011
1913,11,Nov,14.59545456,2.657272751,historical,8.626363657
1913,12,Dec,9.39727289,-0.547272721,historical,4.425000084
1914,1,Jan,8.337272687,-2.038181803,historical,3.149545442
1914,2,Feb,4.39090913,-6.682727294,historical,-1.145909082
1914,3,Mar,9.70363643,-0.963636366,historical,4.370000032
1914,4,Apr,17.87727269,5.210909107,historical,11.5440909
1914,5,May,26.38999991,12.04090899,historical,19.21545445
1914,6,Jun,29.76909117,16.6472728,historical,23.20818199
1914,7,Jul,29.65090925,18.78181839,historical,24.21636382
1914,8,Aug,30.58818176,18.3109091,historical,24.44954543
1914,9,Sep,25.83454548,12.06545457,historical,18.95000003
1914,10,Oct,21.74909071,10.06272723,historical,15.90590897
1914,11,Nov,14.38363647,0.85272727,historical,7.618181872
1914,12,Dec,4.267272797,-2.810909076,historical,0.728181861
1915,1,Jan,6.403636282,-2.852727261,historical,1.77545451
1915,2,Feb,8.447272821,-1.026363638,historical,3.710454591
1915,3,Mar,9.417272741,-1.893636346,historical,3.761818198
1915,4,Apr,22.91909114,7.495454528,historical,15.20727283
1915,5,May,22.99000012,11.02181816,historical,17.00590914
1915,6,Jun,27.03181822,15.35454559,historical,21.1931819
1915,7,Jul,30.01636366,18.6699999,historical,24.34318178
1915,8,Aug,28.45090918,18.2063635,historical,23.32863634
1915,9,Sep,27.58636371,15.69181824,historical,21.63909097
1915,10,Oct,20.30818176,9.669090878,historical,14.98863632
1915,11,Nov,14.370909,1.822727268,historical,8.096818133
1915,12,Dec,5.968181827,-2.67545453,historical,1.646363649
1916,1,Jan,9.540909074,-1.605454521,historical,3.967727276
1916,2,Feb,6.690909169,-3.753636425,historical,1.468636372
1916,3,Mar,8.43090907,-2.018181823,historical,3.206363624
1916,4,Apr,18.05272692,5.900000009,historical,11.97636346
1916,5,May,24.84272749,13.31363635,historical,19.07818192
1916,6,Jun,25.92999961,15.29363632,historical,20.61181797
1916,7,Jul,29.91454541,20.2936365,historical,25.10409095
1916,8,Aug,29.82818187,18.4527274,historical,24.14045464
1916,9,Sep,25.91909114,12.51272713,historical,19.21590913
1916,10,Oct,20.54909099,6.722727212,historical,13.6359091
1916,11,Nov,14.00818183,1.820000009,historical,7.914090921
1916,12,Dec,6.6063636,-3.572727268,historical,1.516818166
1917,1,Jan,6.769090913,-3.843636318,historical,1.462727297
1917,2,Feb,6.506363695,-5.626363624,historical,0.440000036
1917,3,Mar,11.50636352,0.569090916,historical,6.037727219
1917,4,Apr,18.53181839,5.966363647,historical,12.24909102
1917,5,May,21.56000016,9.092727314,historical,15.32636374
1917,6,Jun,28.23909118,16.31636351,historical,22.27772734
1917,7,Jul,29.36545441,19.93090924,historical,24.64818183
1917,8,Aug,29.98454527,18.28818183,historical,24.13636355
1917,9,Sep,23.44363629,12.43727268,historical,17.94045448
1917,10,Oct,17.73454579,4.717272758,historical,11.22590928
1917,11,Nov,12.1581818,-0.353636364,historical,5.902272717
1917,12,Dec,2.01181816,-6.535454533,historical,-2.261818187
1918,1,Jan,-0.610000003,-9.122727307,historical,-4.866363655
1918,2,Feb,7.84909088,-4.132727298,historical,1.858181791
1918,3,Mar,15.7081819,1.365454549,historical,8.536818225
1918,4,Apr,17.65909091,5.75727272,historical,11.70818181
1918,5,May,27.37727304,13.98272731,historical,20.68000018
1918,6,Jun,27.44545451,15.41818194,historical,21.43181823
1918,7,Jul,29.66363629,16.83727299,historical,23.25045464
1918,8,Aug,31.08545459,19.35999957,historical,25.22272708
1918,9,Sep,24.44000001,11.75818183,historical,18.09909092
1918,10,Oct,22.58727264,9.043636322,historical,15.81545448
1918,11,Nov,13.53999996,1.922727292,historical,7.731363627
1918,12,Dec,9.613636277,0.761818184,historical,5.187727231
1919,1,Jan,8.742727193,-2.58181819,historical,3.080454501
1919,2,Feb,7.472727299,-1.961818164,historical,2.755454567
1919,3,Mar,14.56454546,2.336363652,historical,8.450454555
1919,4,Apr,18.40272747,5.337272731,historical,11.8700001
1919,5,May,23.71727285,12.27636372,historical,17.99681828
1919,6,Jun,28.73000006,17.43636339,historical,23.08318173
1919,7,Jul,30.39181813,19.71272711,historical,25.05227262
1919,8,Aug,28.94181789,17.26636349,historical,23.10409069
1919,9,Sep,27.40545446,14.57727268,historical,20.99136357
1919,10,Oct,23.16363629,12.29636374,historical,17.73000002
1919,11,Nov,13.64636361,2.855454575,historical,8.25090909
1919,12,Dec,5.35999996,-5.661818158,historical,-0.150909099
1920,1,Jan,3.032727263,-6.054545489,historical,-1.510909113
1920,2,Feb,4.645454537,-3.873636354,historical,0.385909091
1920,3,Mar,13.5981819,0.312727269,historical,6.955454583
1920,4,Apr,17.40636357,5.662727226,historical,11.5345454
1920,5,May,22.08272709,8.96090915,historical,15.52181812
1920,6,Jun,28.11818175,15.58090904,historical,21.84954539
1920,7,Jul,29.55545477,17.90727269,historical,23.73136373
1920,8,Aug,28.43090924,19.27909105,historical,23.85500015
1920,9,Sep,26.3054546,14.82727268,historical,20.56636364
1920,10,Oct,23.26636366,9.166363543,historical,16.2163636
1920,11,Nov,12.17545457,2.900909099,historical,7.538181836
1920,12,Dec,7.874545444,-0.263636364,historical,3.80545454
1921,1,Jan,7.669090835,-2.494545449,historical,2.587272693
1921,2,Feb,9.259999882,-1.216363636,historical,4.021818123
1921,3,Mar,20.09636341,6.221818187,historical,13.1590908
1921,4,Apr,22.16545469,8.800909129,historical,15.48318191
1921,5,May,22.69363629,11.45454545,historical,17.07409087
1921,6,Jun,30.28636378,16.52545469,historical,23.40590923
1921,7,Jul,31.96545445,20.98545456,historical,26.4754545
1921,8,Aug,28.7554545,16.62090891,historical,22.6881817
1921,9,Sep,29.58545459,17.87545464,historical,23.73045462
1921,10,Oct,20.91636363,6.647272717,historical,13.78181817
1921,11,Nov,13.840909,4.124545487,historical,8.982727246
1921,12,Dec,7.74272728,-1.519090891,historical,3.111818194
1922,1,Jan,4.497272752,-5.040909074,historical,-0.271818161
1922,2,Feb,8.411818158,-1.520909093,historical,3.445454532
1922,3,Mar,12.93909099,2.192727273,historical,7.565909131
1922,4,Apr,19.13909114,7.094545451,historical,13.1168183
1922,5,May,25.32909099,12.8300001,historical,19.07954554
1922,6,Jun,28.94000001,18.52363621,historical,23.73181811
1922,7,Jul,29.98727278,19.84181786,historical,24.91454532
1922,8,Aug,28.44818185,17.61727281,historical,23.03272733
1922,9,Sep,27.07818187,15.20181812,historical,21.14
1922,10,Oct,21.85181808,8.652727214,historical,15.25227265
1922,11,Nov,14.29727277,2.832727237,historical,8.565000003
1922,12,Dec,7.706363635,-1.590909091,historical,3.057727272
1923,1,Jan,6.615454587,-1.836363641,historical,2.389545473
1923,2,Feb,4.923636393,-4.306363734,historical,0.308636329
1923,3,Mar,14.63909088,0.562727276,historical,7.60090908
1923,4,Apr,18.37636375,5.267272732,historical,11.82181824
1923,5,May,24.18000013,9.993636478,historical,17.0868183
1923,6,Jun,30.30454549,17.85999974,historical,24.08227262
1923,7,Jul,30.2081819,18.6909093,historical,24.4495456
1923,8,Aug,29.13181808,18.12090908,historical,23.62636358
1923,9,Sep,26.39454547,15.81454572,historical,21.10454559
1923,10,Oct,19.92545457,7.113636364,historical,13.51954547
1923,11,Nov,12.28999996,2.276363644,historical,7.283181803
1923,12,Dec,12.14000008,1.984545437,historical,7.06227276
1924,1,Jan,7.692727262,-4.149999987,historical,1.771363638
1924,2,Feb,5.383636345,-3.099090945,historical,1.1422727
1924,3,Mar,11.55545451,1.001818191,historical,6.278636353
1924,4,Apr,17.37545412,4.481818199,historical,10.92863616
1924,5,May,21.36727264,10.53454555,historical,15.95090909
1924,6,Jun,27.19181841,16.48999994,historical,21.84090918
1924,7,Jul,29.5309091,18.20454563,historical,23.86772737
1924,8,Aug,29.86454548,17.99181799,historical,23.92818173
1924,9,Sep,23.230909,12.98181811,historical,18.10636356
1924,10,Oct,21.21181783,6.976363616,historical,14.09409072
1924,11,Nov,13.3845455,2.306363637,historical,7.845454568
1924,12,Dec,7.304545446,-2.468181838,historical,2.418181804
1925,1,Jan,4.93636361,-4.811818166,historical,0.062272722
1925,2,Feb,11.85363639,-0.148181818,historical,5.852727288
1925,3,Mar,14.30909105,1.621818196,historical,7.965454622
1925,4,Apr,20.59636376,6.96090915,historical,13.77863646
1925,5,May,22.78272715,8.72181823,historical,15.75227269
1925,6,Jun,32.07999975,18.29818188,historical,25.18909082
1925,7,Jul,30.70909119,18.74909106,historical,24.72909112
1925,8,Aug,28.97363611,16.62363659,historical,22.79863635
1925,9,Sep,28.81909093,17.14636335,historical,22.98272714
1925,10,Oct,15.95454554,7.060000073,historical,11.50727281
1925,11,Nov,12.13909097,1.463636355,historical,6.801363663
1925,12,Dec,6.669090921,-1.249090905,historical,2.710000008
1926,1,Jan,6.059090874,-4.399999987,historical,0.829545444
1926,2,Feb,6.970000007,-2.326363629,historical,2.321818189
1926,3,Mar,10.49545461,-1.285454528,historical,4.605000043
1926,4,Apr,17.82000004,4.298181794,historical,11.05909092
1926,5,May,25.28000017,10.31181795,historical,17.79590906
1926,6,Jun,26.93818162,14.42909076,historical,20.68363619
1926,7,Jul,30.68090942,19.11181814,historical,24.89636378
1926,8,Aug,29.74727266,19.82727294,historical,24.7872728
1926,9,Sep,25.69545486,15.98999977,historical,20.84272731
1926,10,Oct,19.31181786,8.728181752,historical,14.01999981
1926,11,Nov,12.5054545,1.251818191,historical,6.878636344
1926,12,Dec,5.041818229,-3.518181866,historical,0.761818181
1927,1,Jan,5.814545501,-3.492727345,historical,1.160909078
1927,2,Feb,10.53909102,0.329999999,historical,5.434545511
1927,3,Mar,13.92000008,2.315454537,historical,8.117727307
1927,4,Apr,17.14999997,4.552727287,historical,10.85136363
1927,5,May,22.9963639,11.63272728,historical,17.31454559
1927,6,Jun,26.15818197,14.16454541,historical,20.16136369
1927,7,Jul,30.03818183,18.57363632,historical,24.30590907
1927,8,Aug,26.32636365,16.02272745,historical,21.17454555
1927,9,Sep,27.16818185,14.33272717,historical,20.75045451
1927,10,Oct,21.74818178,9.492727193,historical,15.62045448
1927,11,Nov,16.27181825,5.31909093,historical,10.79545459
1927,12,Dec,8.521818161,-0.947272723,historical,3.787272719
1928,1,Jan,8.473636454,-3.855454553,historical,2.30909095
1928,2,Feb,8.099999991,-2.256363641,historical,2.921818175
1928,3,Mar,12.27545443,0.836363645,historical,6.55590904
1928,4,Apr,17.20545457,4.815454526,historical,11.01045455
1928,5,May,23.47636362,10.4572727,historical,16.96681816
1928,6,Jun,26.71454534,16.24818178,historical,21.48136356
1928,7,Jul,31.02000011,19.46454586,historical,25.24227298
1928,8,Aug,30.04272721,19.68181801,historical,24.86227261
1928,9,Sep,23.14636369,13.35636364,historical,18.25136367
1928,10,Oct,21.27454567,8.782727415,historical,15.02863654
1928,11,Nov,14.74181799,4.090909069,historical,9.416363532
1928,12,Dec,8.96999992,-1.76363634,historical,3.60318179
1929,1,Jan,6.546363614,-3.798181816,historical,1.374090899
1929,2,Feb,6.825454582,-4.314545393,historical,1.255454594
1929,3,Mar,16.2636365,3.972727255,historical,10.11818188
1929,4,Apr,20.6390908,7.77454554,historical,14.20681817
1929,5,May,23.78727237,11.47454557,historical,17.63090897
1929,6,Jun,28.30636354,16.1300002,historical,22.21818187
1929,7,Jul,30.56636359,18.23909066,historical,24.40272713
1929,8,Aug,29.90272747,16.36636353,historical,23.1345455
1929,9,Sep,27.58909087,14.6336363,historical,21.11136358
1929,10,Oct,19.21272746,6.661818071,historical,12.93727277
1929,11,Nov,13.74727275,4.469090917,historical,9.108181834
1929,12,Dec,8.466363647,-1.809090929,historical,3.328636359
1930,1,Jan,6.960909063,-2.959090948,historical,2.000909058
1930,2,Feb,11.2918181,-1.060909092,historical,5.115454503
1930,3,Mar,13.59272723,0.333636364,historical,6.963181796
1930,4,Apr,17.93090907,4.899090897,historical,11.41499998
1930,5,May,26.41636363,12.31636368,historical,19.36636366
1930,6,Jun,29.90818162,16.94000001,historical,23.42409082
1930,7,Jul,33.51818189,19.42454546,historical,26.47136367
1930,8,Aug,32.47727342,16.71181878,historical,24.5945461
1930,9,Sep,31.34636359,17.18454569,historical,24.26545464
1930,10,Oct,20.20909084,6.281818173,historical,13.24545451
1930,11,Nov,12.95545448,2.807272673,historical,7.881363576
1930,12,Dec,6.027272745,-2.585454507,historical,1.720909119
1931,1,Jan,7.484545491,-2.819090865,historical,2.332727313
1931,2,Feb,8.92363635,-1.777272712,historical,3.573181819
1931,3,Mar,9.405454549,0.94727274,historical,5.176363644
1931,4,Apr,18.36090938,5.594545451,historical,11.97772741
1931,5,May,24.07636348,11.63454541,historical,17.85545444
1931,6,Jun,28.5645452,16.75999988,historical,22.66227254
1931,7,Jul,31.88818169,20.62545464,historical,26.25681816
1931,8,Aug,29.27545461,19.10454559,historical,24.1900001
1931,9,Sep,29.38090897,17.21909072,historical,23.29999984
1931,10,Oct,22.8945453,8.963636138,historical,15.92909072
1931,11,Nov,18.00272716,5.577272719,historical,11.78999994
1931,12,Dec,12.1518181,1.537272713,historical,6.844545408
1932,1,Jan,12.73454545,3.250909112,historical,7.99272728
1932,2,Feb,12.02999999,-0.33090909,historical,5.849545452
1932,3,Mar,10.48636358,-0.846363639,historical,4.819999973
1932,4,Apr,18.31545448,4.024545474,historical,11.16999998
1932,5,May,24.28000017,11.14363636,historical,17.71181826
1932,6,Jun,28.92454529,16.26818197,historical,22.59636363
1932,7,Jul,31.24727266,18.36363636,historical,24.80545451
1932,8,Aug,32.15181836,17.97272734,historical,25.06227285
1932,9,Sep,27.57818187,14.67818191,historical,21.12818189
1932,10,Oct,20.26000023,8.947272648,historical,14.60363644
1932,11,Nov,13.00090903,1.387272726,historical,7.194090876
1932,12,Dec,9.495454702,-1.488181813,historical,4.003636444
1933,1,Jan,11.27818186,0.657272726,historical,5.967727291
1933,2,Feb,9.079999924,-1.969090895,historical,3.555454514
1933,3,Mar,11.21181817,0.731818183,historical,5.971818179
1933,4,Apr,19.01545455,6.548181707,historical,12.78181813
1933,5,May,25.05545477,13.73272714,historical,19.39409096
1933,6,Jun,30.16909079,16.80636389,historical,23.48772734
1933,7,Jul,30.30636371,18.29727277,historical,24.30181824
1933,8,Aug,29.89909068,19.11363636,historical,24.50636352
1933,9,Sep,27.65636357,17.00636344,historical,22.3313635
1933,10,Oct,20.30727282,6.987272739,historical,13.64727278
1933,11,Nov,12.67545449,1.690000003,historical,7.182727245
1933,12,Dec,8.809090874,-1.556363648,historical,3.626363613
1934,1,Jan,9.46818187,-1.299090911,historical,4.08454548
1934,2,Feb,1.5981818,-10.33636371,historical,-4.369090953
1934,3,Mar,11.83909095,-1.34181817,historical,5.248636392
1934,4,Apr,18.93272729,5.371818239,historical,12.15227277
1934,5,May,25.60909098,12.39545458,historical,19.00227278
1934,6,Jun,30.89818209,18.77818177,historical,24.83818193
1934,7,Jul,33.1245457,20.86909103,historical,26.99681837
1934,8,Aug,28.65090908,18.0363636,historical,23.34363634
1934,9,Sep,26.02000011,16.75363627,historical,21.38681819
1934,10,Oct,19.83363637,7.456363591,historical,13.64499998
1934,11,Nov,15.7145456,4.002727227,historical,9.858636412
1934,12,Dec,7.873636289,-1.952727274,historical,2.960454507
1935,1,Jan,5.356363643,-4.390909108,historical,0.482727268
1935,2,Feb,7.33181819,-3.874545466,historical,1.728636362
1935,3,Mar,16.61363654,3.460909085,historical,10.03727281
1935,4,Apr,16.53727306,5.46636369,historical,11.00181838
1935,5,May,22.3227272,10.120909,historical,16.2218181
1935,6,Jun,28.74454568,16.44090878,historical,22.59272723
1935,7,Jul,31.69909096,20.42999996,historical,26.06454546
1935,8,Aug,30.2154548,19.28272733,historical,24.74909106
1935,9,Sep,25.20363617,13.77000002,historical,19.4868181
1935,10,Oct,21.22818201,7.654545437,historical,14.44136372
1935,11,Nov,15.15545446,5.906363661,historical,10.53090906
1935,12,Dec,3.874545466,-3.823636358,historical,0.025454554
1936,1,Jan,3.741818211,-5.351818258,historical,-0.805000023
1936,2,Feb,3.359090892,-7.36363632,historical,-2.002272714
1936,3,Mar,16.23636367,3.581818234,historical,9.909090952
1936,4,Apr,17.55909122,4.823636315,historical,11.19136377
1936,5,May,26.42999996,12.2372727,historical,19.33363633
1936,6,Jun,28.58999981,16.55636354,historical,22.57318167
1936,7,Jul,31.75636378,19.41636363,historical,25.58636371
1936,8,Aug,31.37454553,19.52454567,historical,25.4495456
1936,9,Sep,27.37727252,16.15454535,historical,21.76590893
1936,10,Oct,21.43363658,9.633636301,historical,15.53363644
1936,11,Nov,12.92363626,1.725454569,historical,7.324545416
1936,12,Dec,8.821818178,-0.589090905,historical,4.116363636
1937,1,Jan,10.96181817,2.392727288,historical,6.677272732
1937,2,Feb,8.052727266,-2.166363619,historical,2.943181824
1937,3,Mar,11.64818174,-0.17363636,historical,5.737272691
1937,4,Apr,17.96090906,6.150000009,historical,12.05545454
1937,5,May,25.46181817,11.6336363,historical,18.54772724
1937,6,Jun,29.59727253,18.24000012,historical,23.91863632
1937,7,Jul,30.68545463,19.33090886,historical,25.00818175
1937,8,Aug,30.79545455,20.12090908,historical,25.45818181
1937,9,Sep,25.22000035,12.71818187,historical,18.96909111
1937,10,Oct,18.64636369,7.648181872,historical,13.14727278
1937,11,Nov,14.03818191,2.314545491,historical,8.176363701
1937,12,Dec,7.798181794,-2.494545481,historical,2.651818156
1938,1,Jan,6.498181733,-2.766363642,historical,1.865909045
1938,2,Feb,10.50272725,-0.484545453,historical,5.009090898
1938,3,Mar,16.22090947,2.757272742,historical,9.489091104
1938,4,Apr,20.39636352,7.204545411,historical,13.80045446
1938,5,May,23.1281818,11.9263636,historical,17.5272727
1938,6,Jun,28.21636356,16.48909101,historical,22.35272728
1938,7,Jul,31.21636339,20.02363656,historical,25.61999997
1938,8,Aug,31.66909096,19.69090895,historical,25.67999996
1938,9,Sep,24.89818192,14.87727261,historical,19.88772726
1938,10,Oct,21.2063635,7.664545493,historical,14.4354545
1938,11,Nov,16.96818196,3.199090914,historical,10.08363644
1938,12,Dec,7.783636353,-1.369090915,historical,3.207272719
1939,1,Jan,7.701818206,-2.092727271,historical,2.804545468
1939,2,Feb,10.82636356,-0.298181816,historical,5.264090874
1939,3,Mar,14.19545451,2.020000003,historical,8.107727257
1939,4,Apr,17.79272738,5.925454617,historical,11.859091
1939,5,May,26.02909088,12.44181815,historical,19.23545452
1939,6,Jun,29.45818173,18.16272701,historical,23.81045437
1939,7,Jul,29.52363638,18.97909095,historical,24.25136367
1939,8,Aug,31.25272716,20.23545439,historical,25.74409077
1939,9,Sep,27.48909083,15.4209091,historical,21.45499997
1939,10,Oct,20.83363637,8.719090809,historical,14.77636359
1939,11,Nov,13.00272725,1.582727259,historical,7.292727254
1939,12,Dec,8.797272682,-0.368181812,historical,4.214545435
1940,1,Jan,0.482727265,-9.361818314,historical,-4.439545524
1940,2,Feb,7.079090942,-2.314545447,historical,2.382272747
1940,3,Mar,9.943636374,-0.501818181,historical,4.720909097
1940,4,Apr,15.65454552,4.360909072,historical,10.0077273
1940,5,May,23.91909114,12.03090902,historical,17.97500008
1940,6,Jun,29.18000013,17.58090869,historical,23.38045441
1940,7,Jul,31.2809091,18.56999987,historical,24.92545449
1940,8,Aug,27.58090921,18.50090894,historical,23.04090907
1940,9,Sep,25.47727273,12.92090901,historical,19.19909087
1940,10,Oct,18.37454553,7.194545486,historical,12.78454551
1940,11,Nov,13.5236363,3.701818163,historical,8.61272723
1940,12,Dec,10.35727276,0.614545454,historical,5.485909104
1941,1,Jan,4.912727226,-2.797272726,historical,1.05772725
1941,2,Feb,5.913636338,-4.026363676,historical,0.943636331
1941,3,Mar,10.05545443,-1.860909126,historical,4.097272651
1941,4,Apr,22.10454525,7.741818211,historical,14.92318173
1941,5,May,26.86272743,11.33272735,historical,19.09772739
1941,6,Jun,28.16727257,16.58818193,historical,22.37772725
1941,7,Jul,30.06363626,19.91454558,historical,24.98909092
1941,8,Aug,30.19999972,17.45363634,historical,23.82681803
1941,9,Sep,29.09000015,15.30000019,historical,22.19500017
1941,10,Oct,24.04363632,11.16727265,historical,17.60545449
1941,11,Nov,16.90636375,2.454545455,historical,9.680454601
1941,12,Dec,10.20636359,0.066363633,historical,5.136363612
1942,1,Jan,6.424545418,-3.665454539,historical,1.379545439
1942,2,Feb,6.231818199,-3.903636369,historical,1.164090915
1942,3,Mar,14.01999994,2.563636379,historical,8.291818158
1942,4,Apr,21.77545461,6.928181908,historical,14.35181826
1942,5,May,26.39181796,13.94909104,historical,20.1704545
1942,6,Jun,28.71363622,17.95545474,historical,23.33454548
1942,7,Jul,31.18363623,19.88363647,historical,25.53363635
1942,8,Aug,28.66363647,18.69818185,historical,23.68090916
1942,9,Sep,27.22818167,15.19727256,historical,21.21272711
1942,10,Oct,20.61727264,9.749090975,historical,15.18318181
1942,11,Nov,15.1154545,3.825454539,historical,9.470454519
1942,12,Dec,5.21454538,-3.017272711,historical,1.098636335
1943,1,Jan,6.324545427,-2.265454552,historical,2.029545437
1943,2,Feb,9.229090777,-2.127272736,historical,3.550909021
1943,3,Mar,13.65000005,0.901818181,historical,7.275909116
1943,4,Apr,17.10181808,3.838181864,historical,10.46999997
1943,5,May,25.45727262,13.01363642,historical,19.23545452
1943,6,Jun,31.43636391,20.25,historical,25.84318196
1943,7,Jul,31.29272738,19.47181806,historical,25.38227272
1943,8,Aug,33.03454555,18.7027274,historical,25.86863648
1943,9,Sep,26.38636381,13.02909071,historical,19.70772726
1943,10,Oct,19.24818178,7.621818196,historical,13.43499999
1943,11,Nov,14.0545454,1.556363648,historical,7.805454525
1943,12,Dec,8.267272776,-3.49454546,historical,2.386363658
1944,1,Jan,7.872727221,-2.525454521,historical,2.67363635
1944,2,Feb,8.109090935,-1.879090905,historical,3.115000015
1944,3,Mar,11.36272734,0.252727278,historical,5.807727308
1944,4,Apr,17.7081819,5.603636351,historical,11.65590913
1944,5,May,27.85909115,14.75454547,historical,21.30681831
1944,6,Jun,29.91818185,17.50454573,historical,23.71136379
1944,7,Jul,32.30999964,19.05272744,historical,25.68136354
1944,8,Aug,30.63000003,18.31181804,historical,24.47090903
1944,9,Sep,26.30636371,16.10454533,historical,21.20545452
1944,10,Oct,19.73909101,7.36727268,historical,13.55318184
1944,11,Nov,13.47454539,3.24818182,historical,8.361363606
1944,12,Dec,5.672727281,-3.295454524,historical,1.188636379
1945,1,Jan,3.362727317,-4.639090885,historical,-0.638181784
1945,2,Feb,8.258181745,-1.958181815,historical,3.149999965
1945,3,Mar,19.86909086,5.900909077,historical,12.88499997
1945,4,Apr,20.74545409,8.222727212,historical,14.48409065
1945,5,May,22.7136364,10.70909101,historical,16.71136371
1945,6,Jun,28.95000007,17.02818177,historical,22.98909092
1945,7,Jul,29.45999978,19.75363627,historical,24.60681803
1945,8,Aug,29.49727266,17.67454511,historical,23.58590889
1945,9,Sep,27.70636368,17.35636364,historical,22.53136366
1945,10,Oct,20.12909074,7.41999999,historical,13.77454537
1945,11,Nov,14.67909085,4.327272675,historical,9.503181761
1945,12,Dec,3.846363653,-3.389090906,historical,0.228636373
1946,1,Jan,6.979090951,-2.264545473,historical,2.357272739
1946,2,Feb,9.25363636,-1.933636362,historical,3.659999999
1946,3,Mar,17.66181824,4.868181792,historical,11.26500002
1946,4,Apr,19.26545455,6.074545427,historical,12.66999999
1946,5,May,24.10454559,12.2627273,historical,18.18363645
1946,6,Jun,28.05090922,15.91272744,historical,21.98181833
1946,7,Jul,30.40000014,17.82363649,historical,24.11181831
1946,8,Aug,27.5154549,16.55363638,historical,22.03454564
1946,9,Sep,27.18090924,14.52363647,historical,20.85227286
1946,10,Oct,22.1754544,9.106363643,historical,15.64090902
1946,11,Nov,16.41363612,5.08000001,historical,10.74681807
1946,12,Dec,10.89818192,-0.99636363,historical,4.950909142
1947,1,Jan,9.950000069,0.379999998,historical,5.165000033
1947,2,Feb,5.079090899,-5.93818179,historical,-0.429545446
1947,3,Mar,9.305454601,-1.659090898,historical,3.823181851
1947,4,Apr,20.53363627,6.634545413,historical,13.58409084
1947,5,May,24.45818173,11.62545464,historical,18.04181819
1947,6,Jun,27.29818171,15.97909086,historical,21.63863629
1947,7,Jul,29.26545473,18.05454532,historical,23.66000002
1947,8,Aug,30.83181797,19.87909057,historical,25.35545427
1947,9,Sep,26.15363607,15.46636373,historical,20.8099999
1947,10,Oct,23.4581819,11.1472728,historical,17.30272735
1947,11,Nov,11.87636375,2.849090923,historical,7.362727339
1947,12,Dec,6.761818236,-3.085454551,historical,1.838181842
1948,1,Jan,2.49727273,-6.101818215,historical,-1.802272742
1948,2,Feb,7.903636369,-3.614545475,historical,2.144545447
1948,3,Mar,15.04636357,2.868181792,historical,8.957272681
1948,4,Apr,19.42545457,7.378181804,historical,13.40181819
1948,5,May,23.62909126,12.33545442,historical,17.98227284
1948,6,Jun,28.94181841,16.8890908,historical,22.9154546
1948,7,Jul,30.67909085,19.75272681,historical,25.21590883
1948,8,Aug,29.5418181,18.1854548,historical,23.86363645
1948,9,Sep,26.38999991,14.2263637,historical,20.30818181
1948,10,Oct,18.51272774,8.037272627,historical,13.27500018
1948,11,Nov,16.26090934,5.630000028,historical,10.94545468
1948,12,Dec,8.894545382,-0.433636365,historical,4.230454509
1949,1,Jan,10.85818187,0.999090917,historical,5.928636392
1949,2,Feb,11.56363626,1.194545442,historical,6.379090851
1949,3,Mar,13.62999994,2.26090907,historical,7.945454505
1949,4,Apr,18.85090897,6.233636379,historical,12.54227268
1949,5,May,24.94090878,12.16000002,historical,18.5504544
1949,6,Jun,29.07181844,17.76545438,historical,23.41863641
1949,7,Jul,32.07454508,21.73636384,historical,26.90545446
1949,8,Aug,30.222727,19.51454527,historical,24.86863613
1949,9,Sep,25.10000003,13.16363638,historical,19.13181821
1949,10,Oct,22.42818208,11.56636359,historical,16.99727284
1949,11,Nov,14.46909081,2.793636365,historical,8.631363587
1949,12,Dec,9.920909015,0.113636366,historical,5.01727269
1950,1,Jan,13.93181801,2.996363596,historical,8.464090802
1950,2,Feb,7.631818208,-1.06090909,historical,3.285454559
1950,3,Mar,11.17363626,-0.416363635,historical,5.378636314
1950,4,Apr,17.76363633,4.952727231,historical,11.35818178
1950,5,May,23.20454528,12.17272741,historical,17.68863635
1950,6,Jun,28.78818217,16.50818183,historical,22.648182
1950,7,Jul,29.39272724,18.66818203,historical,24.03045464
1950,8,Aug,29.3663637,18.09181803,historical,23.72909086
1950,9,Sep,23.70181864,14.47000009,historical,19.08590937
1950,10,Oct,21.05363638,9.799999844,historical,15.42681811
1950,11,Nov,14.95272732,2.758181832,historical,8.855454575
1950,12,Dec,5.681818182,-2.793636387,historical,1.444090897
1951,1,Jan,8.965454448,-1.498181814,historical,3.733636317
1951,2,Feb,8.602727283,-2.065454548,historical,3.268636368
1951,3,Mar,12.44909096,1.747272735,historical,7.098181846
1951,4,Apr,19.01272687,6.424545505,historical,12.71863619
1951,5,May,24.54272704,11.60454551,historical,18.07363627
1951,6,Jun,28.30727265,16.98363616,historical,22.64545441
1951,7,Jul,31.42909067,19.90909091,historical,25.66909079
1951,8,Aug,30.09090909,18.52727283,historical,24.30909096
1951,9,Sep,27.19545451,14.92999996,historical,21.06272723
1951,10,Oct,21.53454555,10.40363641,historical,15.96909098
1951,11,Nov,11.84727287,0.931818185,historical,6.389545529
1951,12,Dec,9.387272748,-0.452727266,historical,4.467272741
1952,1,Jan,8.901818275,0.162727266,historical,4.532272771
1952,2,Feb,9.159999847,-0.119090912,historical,4.520454468
1952,3,Mar,11.28636351,1.226363651,historical,6.256363583
1952,4,Apr,19.29818171,8.112727295,historical,13.7054545
1952,5,May,23.41454541,11.93818179,historical,17.6763636
1952,6,Jun,30.71818178,18.51272739,historical,24.61545459
1952,7,Jul,32.36363636,20.83818193,historical,26.60090915
1952,8,Aug,29.64090885,19.11818175,historical,24.3795453
1952,9,Sep,26.33909069,14.17727254,historical,20.25818162
1952,10,Oct,19.25272734,6.308181763,historical,12.78045455
1952,11,Nov,14.11545433,4.08000001,historical,9.097727169
1952,12,Dec,7.516363621,-0.285454544,historical,3.615454538
1953,1,Jan,9.18090907,0.384545456,historical,4.782727263
1953,2,Feb,10.80636363,0.213636363,historical,5.509999995
1953,3,Mar,13.11363636,2.889999975,historical,8.001818169
1953,4,Apr,18.64454547,7.432727337,historical,13.0386364
1953,5,May,26.36272708,15.18272729,historical,20.77272719
1953,6,Jun,28.68545446,17.66181807,historical,23.17363626
1953,7,Jul,32.46363622,19.90909074,historical,26.18636348
1953,8,Aug,30.49272693,18.32090898,historical,24.40681796
1953,9,Sep,27.22909095,14.58090912,historical,20.90500004
1953,10,Oct,22.18545428,8.944545399,historical,15.56499984
1953,11,Nov,15.00545458,2.710909063,historical,8.858181823
1953,12,Dec,9.689999927,-0.145454548,historical,4.77227269
1954,1,Jan,7.146363562,-3.150909077,historical,1.997727242
1954,2,Feb,11.99181834,0.098181814,historical,6.045000078
1954,3,Mar,12.85727267,1.433636351,historical,7.14545451
1954,4,Apr,21.83363672,8.652727214,historical,15.24318197
1954,5,May,22.49545461,11.00545458,historical,16.7504546
1954,6,Jun,29.56272749,17.027273,historical,23.29500025
1954,7,Jul,32.38636346,18.61272708,historical,25.49954527
1954,8,Aug,29.50818166,18.53090928,historical,24.01954547
1954,9,Sep,28.95727279,15.94818202,historical,22.4527274
1954,10,Oct,22.63727275,10.75272725,historical,16.695
1954,11,Nov,11.86999989,2.32636365,historical,7.098181768
1954,12,Dec,6.939090946,-1.531818173,historical,2.703636386
1955,1,Jan,5.761818149,-2.569999998,historical,1.595909075
1955,2,Feb,8.264545397,-2.983636401,historical,2.640454498
1955,3,Mar,14.20090918,3.019999981,historical,8.610454581
1955,4,Apr,20.55181833,8.695454381,historical,14.62363635
1955,5,May,25.84999969,13.44818202,historical,19.64909085
1955,6,Jun,26.57909081,15.31727279,historical,20.9481818
1955,7,Jul,33.26636366,22.1963638,historical,27.73136373
1955,8,Aug,30.74181817,20.92636368,historical,25.83409093
1955,9,Sep,25.6699999,15.7827275,historical,20.7263637
1955,10,Oct,21.51909117,9.126363668,historical,15.32272742
1955,11,Nov,13.16454549,1.738181835,historical,7.451363664
1955,12,Dec,5.131818208,-3.679090955,historical,0.726363626
1956,1,Jan,5.141818177,-2.811818166,historical,1.165000005
1956,2,Feb,9.804545489,0.047272728,historical,4.925909108
1956,3,Mar,11.45363634,0.7590909,historical,6.106363621
1956,4,Apr,17.8554547,5.845454476,historical,11.85045459
1956,5,May,24.19272735,10.70090918,historical,17.44681827
1956,6,Jun,29.192727,16.77181842,historical,22.98227271
1956,7,Jul,29.7363635,19.48363651,historical,24.61
1956,8,Aug,29.23090935,18.45272706,historical,23.8418182
1956,9,Sep,25.13909062,14.10454533,historical,19.62181798
1956,10,Oct,20.06363678,10.14909085,historical,15.10636382
1956,11,Nov,13.47000009,3.74727273,historical,8.608636412
1956,12,Dec,11.76545438,2.527272734,historical,7.146363556
1957,1,Jan,4.605454445,-3.944545486,historical,0.33045448
1957,2,Feb,9.279090968,0.472727276,historical,4.875909122
1957,3,Mar,12.20272714,2.284545487,historical,7.243636316
1957,4,Apr,21.25818183,8.398181872,historical,14.82818185
1957,5,May,25.81090892,12.89818183,historical,19.35454538
1957,6,Jun,29.97363645,18.54727277,historical,24.26045461
1957,7,Jul,32.14090937,19.09545465,historical,25.61818201
1957,8,Aug,30.22181823,17.50272734,historical,23.86227278
1957,9,Sep,27.04181793,16.82454543,historical,21.93318168
1957,10,Oct,17.83181832,7.069090887,historical,12.4504546
1957,11,Nov,14.33272743,4.440909039,historical,9.386818236
1957,12,Dec,9.518181888,0.29272727,historical,4.905454579
1958,1,Jan,5.014545484,-3.336363684,historical,0.8390909
1958,2,Feb,3.226363659,-5.136363593,historical,-0.954999967
1958,3,Mar,8.897272717,0.980909085,historical,4.939090901
1958,4,Apr,19.12545464,7.423636306,historical,13.27454547
1958,5,May,23.68454569,11.86454522,historical,17.77454545
1958,6,Jun,27.07909099,15.4209091,historical,21.25000004
1958,7,Jul,30.89272742,20.30454532,historical,25.59863637
1958,8,Aug,29.0590907,18.26727295,historical,23.66318183
1958,9,Sep,26.39090919,13.88636372,historical,20.13863646
1958,10,Oct,20.29636348,8.452727318,historical,14.3745454
1958,11,Nov,15.13636372,4.069999955,historical,9.603181839
1958,12,Dec,4.579090855,-4.954545498,historical,-0.187727321
1959,1,Jan,6.768181801,-4.466363647,historical,1.150909077
1959,2,Feb,9.211818348,-2.854545463,historical,3.178636443
1959,3,Mar,13.9390909,0.450000001,historical,7.194545452
1959,4,Apr,20.91909096,7.855454575,historical,14.38727277
1959,5,May,26.45545439,14.0309091,historical,20.24318175
1959,6,Jun,29.51636332,17.23000006,historical,23.37318169
1959,7,Jul,30.49363674,20.27999999,historical,25.38681837
1959,8,Aug,31.43727285,20.76090899,historical,26.09909092
1959,9,Sep,28.04818188,16.13181825,historical,22.09000007
1959,10,Oct,21.25727272,11.18454543,historical,16.22090908
1959,11,Nov,13.24636373,2.584545439,historical,7.915454583
1959,12,Dec,9.821818092,0.15090909,historical,4.986363591
1960,1,Jan,6.935454629,-1.144545458,historical,2.895454586
1960,2,Feb,7.657272729,-1.358181823,historical,3.149545453
1960,3,Mar,6.273636341,-3.516363642,historical,1.378636349
1960,4,Apr,22.92727262,8.284545465,historical,15.60590904
1960,5,May,22.86818158,11.04454543,historical,16.9563635
1960,6,Jun,28.73454545,16.58272709,historical,22.65863627
1960,7,Jul,29.98454527,18.30454514,historical,24.14454521
1960,8,Aug,30.71454534,19.72363645,historical,25.2190909
1960,9,Sep,26.30818176,15.77909114,historical,21.04363645
1960,10,Oct,19.76636349,8.876363581,historical,14.32136354
1960,11,Nov,15.40818171,3.169090878,historical,9.288636294
1960,12,Dec,4.9309092,-6.266363621,historical,-0.66772721
1961,1,Jan,3.567272706,-6.400000009,historical,-1.416363651
1961,2,Feb,8.601818171,-1.49636364,historical,3.552727266
1961,3,Mar,14.30818194,2.324545438,historical,8.316363687
1961,4,Apr,16.34818181,4.853636351,historical,10.60090908
1961,5,May,22.1127276,10.31272723,historical,16.21272742
1961,6,Jun,28.51999994,16.17363635,historical,22.34681814
1961,7,Jul,30.62909109,19.35909098,historical,24.99409103
1961,8,Aug,29.60909081,19.0918182,historical,24.3504545
1961,9,Sep,29.31090944,17.55454566,historical,23.43272755
1961,10,Oct,21.66181842,8.539999919,historical,15.10090917
1961,11,Nov,14.61727264,5.475454504,historical,10.04636357
1961,12,Dec,6.480000019,-1.708181804,historical,2.385909108
1962,1,Jan,6.332727259,-3.540000027,historical,1.396363616
1962,2,Feb,5.440909082,-3.027272723,historical,1.20681818
1962,3,Mar,11.72363628,0.831818185,historical,6.277727233
1962,4,Apr,19.33545442,7.020000024,historical,13.17772722
1962,5,May,26.20454563,13.46545445,historical,19.83500004
1962,6,Jun,28.28818148,17.2845452,historical,22.78636334
1962,7,Jul,29.11363671,17.74454533,historical,23.42909102
1962,8,Aug,30.47454574,17.91272753,historical,24.19363663
1962,9,Sep,24.68090907,12.92363644,historical,18.80227275
1962,10,Oct,21.05272727,9.07454534,historical,15.0636363
1962,11,Nov,11.29272721,1.699090882,historical,6.495909046
1962,12,Dec,5.130909009,-4.275454565,historical,0.427727222
1963,1,Jan,4.589999979,-5.28545462,historical,-0.34772732
1963,2,Feb,4.39727276,-6.175454487,historical,-0.889090863
1963,3,Mar,15.31636359,2.453636365,historical,8.88499998
1963,4,Apr,20.3890908,6.819999998,historical,13.6045454
1963,5,May,24.18727303,11.11454548,historical,17.65090925
1963,6,Jun,28.68818179,16.06363626,historical,22.37590903
1963,7,Jul,31.31727271,18.692727,historical,25.00499985
1963,8,Aug,29.65727286,17.4354548,historical,23.54636383
1963,9,Sep,24.69181824,12.61818184,historical,18.65500004
1963,10,Oct,23.58090886,8.24272728,historical,15.91181807
1963,11,Nov,15.1890909,4.786363645,historical,9.987727274
1963,12,Dec,3.795454567,-4.749999957,historical,-0.477272695
1964,1,Jan,7.853636438,-3.440000014,historical,2.206818212
1964,2,Feb,6.5,-2.917272741,historical,1.791363629
1964,3,Mar,14.3000001,1.962727276,historical,8.13136369
1964,4,Apr,17.47090929,5.868181836,historical,11.66954556
1964,5,May,25.75090911,12.34454554,historical,19.04772732
1964,6,Jun,29.92636351,16.87636375,historical,23.40136363
1964,7,Jul,31.1563634,19.64090902,historical,25.39863621
1964,8,Aug,29.21727285,17.39000008,historical,23.30363646
1964,9,Sep,26.81636325,13.8845455,historical,20.35045437
1964,10,Oct,18.6718183,6.179999958,historical,12.42590913
1964,11,Nov,16.89272724,3.873636397,historical,10.38318182
1964,12,Dec,8.919090878,-0.035454544,historical,4.441818167
1965,1,Jan,5.905454462,-4.273636384,historical,0.815909039
1965,2,Feb,8.245454658,-3.494545503,historical,2.375454578
1965,3,Mar,10.57090915,0.009090909,historical,5.290000031
1965,4,Apr,16.70454563,5.332727216,historical,11.01863642
1965,5,May,27.24363639,13.80545451,historical,20.52454545
1965,6,Jun,27.81818182,15.83999989,historical,21.82909086
1965,7,Jul,30.24636373,18.78636378,historical,24.51636375
1965,8,Aug,29.93818179,18.19272735,historical,24.06545457
1965,9,Sep,27.38727292,16.04454535,historical,21.71590913
1965,10,Oct,19.36818192,7.173636436,historical,13.27090918
1965,11,Nov,14.55727274,3.596363609,historical,9.076818174
1965,12,Dec,9.663636381,-0.163636367,historical,4.750000007
1966,1,Jan,4.121818239,-4.185454542,historical,-0.031818151
1966,2,Feb,6.656363617,-2.877272714,historical,1.889545452
1966,3,Mar,14.67363644,1.660909116,historical,8.167272776
1966,4,Apr,16.20545491,5.35818178,historical,10.78181835
1966,5,May,24.08727299,11.00727272,historical,17.54727286
1966,6,Jun,29.88636381,16.55454549,historical,23.22045465
1966,7,Jul,32.81636325,19.85272754,historical,26.3345454
1966,8,Aug,31.14909103,18.92363618,historical,25.0363636
1966,9,Sep,24.66454541,14.02181816,historical,19.34318178
1966,10,Oct,19.5518185,6.884545456,historical,13.21818198
1966,11,Nov,14.89727263,3.222727277,historical,9.059999954
1966,12,Dec,6.960000081,-1.533636364,historical,2.713181859
1967,1,Jan,9.659090996,-0.786363629,historical,4.436363684
1967,2,Feb,6.037272757,-5.062727235,historical,0.487272761
1967,3,Mar,12.25545467,0.68272728,historical,6.469090975
1967,4,Apr,20.57181809,6.47181823,historical,13.52181816
1967,5,May,21.19363646,8.601818258,historical,14.89772736
1967,6,Jun,29.45090901,16.06181804,historical,22.75636352
1967,7,Jul,29.60090932,18.98545439,historical,24.29318185
1967,8,Aug,28.80181833,18.50818166,historical,23.65499999
1967,9,Sep,25.44454557,12.99090906,historical,19.21772731
1967,10,Oct,19.96909107,7.306363626,historical,13.63772735
1967,11,Nov,11.75545458,1.009090909,historical,6.382272746
1967,12,Dec,8.477272727,-1.025454554,historical,3.725909087
1968,1,Jan,4.278181856,-6.033636353,historical,-0.877727248
1968,2,Feb,5.809090961,-4.854545507,historical,0.477272727
1968,3,Mar,15.91909096,2.057272705,historical,8.988181835
1968,4,Apr,20.1699999,6.563636346,historical,13.36681812
1968,5,May,22.58181815,10.3509088,historical,16.46636347
1968,6,Jun,28.70181829,16.36909112,historical,22.53545471
1968,7,Jul,31.13363647,19.83999998,historical,25.48681823
1968,8,Aug,31.39272707,19.6890909,historical,25.54090899
1968,9,Sep,27.2590906,14.75727272,historical,21.00818166
1968,10,Oct,20.7918181,10.14636369,historical,15.4690909
1968,11,Nov,14.28090919,4.638181773,historical,9.459545482
1968,12,Dec,6.755454584,-2.300909086,historical,2.227272749
1969,1,Jan,4.840000023,-3.730000084,historical,0.554999969
1969,2,Feb,5.683636319,-1.920909069,historical,1.881363625
1969,3,Mar,11.10909081,-0.193636362,historical,5.457727222
1969,4,Apr,20.92090919,7.510909124,historical,14.21590916
1969,5,May,25.67636368,12.35454533,historical,19.01545451
1969,6,Jun,29.40999985,18.25727289,historical,23.83363637
1969,7,Jul,30.61181814,20.45909101,historical,25.53545458
1969,8,Aug,29.38181825,18.29636366,historical,23.83909095
1969,9,Sep,26.2409094,14.94545451,historical,20.59318196
1969,10,Oct,20.69181806,7.689090815,historical,14.19045444
1969,11,Nov,13.02000002,2.908181797,historical,7.964090911
1969,12,Dec,5.460909063,-2.124545477,historical,1.668181793
1970,1,Jan,3.125454534,-6.605454575,historical,-1.74000002
1970,2,Feb,7.820000042,-3.203636365,historical,2.308181839
1970,3,Mar,10.13636364,-0.107272728,historical,5.014545454
1970,4,Apr,18.44363646,6.130909053,historical,12.28727276
1970,5,May,26.37181837,12.85090897,historical,19.61136367
1970,6,Jun,28.93272747,16.94636362,historical,22.93954554
1970,7,Jul,30.74909089,19.49454498,historical,25.12181794
1970,8,Aug,30.80454532,19.19454557,historical,24.99954544
1970,9,Sep,29.52727283,16.64545458,historical,23.08636371
1970,10,Oct,21.45999995,11.03545458,historical,16.24772726
1970,11,Nov,13.67181813,4.432727359,historical,9.052272742
1970,12,Dec,8.429090933,-0.848181828,historical,3.790454553
1971,1,Jan,3.812727278,-5.280909148,historical,-0.734090935
1971,2,Feb,8.522727359,-1.879090916,historical,3.321818222
1971,3,Mar,11.75727263,0.12818182,historical,5.942727227
1971,4,Apr,19.94909096,4.4027273,historical,12.17590913
1971,5,May,23.05818176,10.67727262,historical,16.86772719
1971,6,Jun,29.43999967,17.82363632,historical,23.63181799
1971,7,Jul,30.41363647,18.87545447,historical,24.64454547
1971,8,Aug,29.54818188,18.12090926,historical,23.83454557
1971,9,Sep,26.82909081,17.18999984,historical,22.00954533
1971,10,Oct,22.20545457,12.90090908,historical,17.55318182
1971,11,Nov,13.68090907,3.328181809,historical,8.504545439
1971,12,Dec,12.39909094,2.15545456,historical,7.27727275
1972,1,Jan,8.178181778,-1.36272729,historical,3.407727244
1972,2,Feb,6.883636345,-3.607272777,historical,1.638181784
1972,3,Mar,12.64545458,1.358181818,historical,7.001818199
1972,4,Apr,18.75090911,5.195454467,historical,11.97318179
1972,5,May,23.88818203,11.73727244,historical,17.81272723
1972,6,Jun,26.37545482,15.48181811,historical,20.92863646
1972,7,Jul,30.11090903,19.87999985,historical,24.99545444
1972,8,Aug,29.58272726,18.06272697,historical,23.82272712
1972,9,Sep,26.86545476,15.71181826,historical,21.28863651
1972,10,Oct,18.67909102,7.06363639,historical,12.8713637
1972,11,Nov,12.3245456,2.507272731,historical,7.415909166
1972,12,Dec,10.07454534,1.424545456,historical,5.749545398
1973,1,Jan,8.56181821,-2.387272737,historical,3.087272736
1973,2,Feb,7.558181806,-3.365454522,historical,2.096363642
1973,3,Mar,15.2136364,4.750909068,historical,9.982272733
1973,4,Apr,18.42181813,7.339090911,historical,12.88045452
1973,5,May,22.32090915,10.80545469,historical,16.56318192
1973,6,Jun,29.4163638,18.90000014,historical,24.15818197
1973,7,Jul,30.980909,19.70545457,historical,25.34318178
1973,8,Aug,30.94090878,20.14181813,historical,25.54136346
1973,9,Sep,27.91818168,16.37454562,historical,22.14636365
1973,10,Oct,22.32909081,9.545454459,historical,15.93727264
1973,11,Nov,15.85090915,4.254545559,historical,10.05272735
1973,12,Dec,8.851818258,-0.14727273,historical,4.352272764
1974,1,Jan,9.449999983,0.109090904,historical,4.779545443
1974,2,Feb,8.394545555,-3.159999977,historical,2.617272789
1974,3,Mar,14.8109091,2.498181852,historical,8.654545475
1974,4,Apr,21.09636359,7.444545442,historical,14.27045452
1974,5,May,23.96636356,11.94636354,historical,17.95636355
1974,6,Jun,26.54272721,15.73090909,historical,21.13681815
1974,7,Jul,31.11181831,18.93545446,historical,25.02363638
1974,8,Aug,29.79000005,19.5054545,historical,24.64772727
1974,9,Sep,25.93636374,14.71181809,historical,20.32409091
1974,10,Oct,20.12272713,5.469090895,historical,12.79590901
1974,11,Nov,15.60545453,3.920909058,historical,9.763181795
1974,12,Dec,10.10818178,0.122727271,historical,5.115454526
1975,1,Jan,9.123636332,-1.121818185,historical,4.000909074
1975,2,Feb,8.561818036,-0.866363644,historical,3.847727196
1975,3,Mar,11.63181808,1.292727259,historical,6.462272668
1975,4,Apr,16.30181815,4.881818121,historical,10.59181814
1975,5,May,25.58909121,13.87363642,historical,19.73136382
1975,6,Jun,28.65272747,17.94272752,historical,23.2977275
1975,7,Jul,30.0727272,19.49727266,historical,24.78499993
1975,8,Aug,31.36181831,19.62090891,historical,25.49136361
1975,9,Sep,23.78181839,14.51000006,historical,19.14590922
1975,10,Oct,22.53090928,10.45636359,historical,16.49363643
1975,11,Nov,17.56727271,4.573636358,historical,11.07045453
1975,12,Dec,8.359090978,-0.885454549,historical,3.736818215
1976,1,Jan,4.500909112,-4.676363598,historical,-0.087727243
1976,2,Feb,13.9627272,0.41,historical,7.1863636
1976,3,Mar,16.41909096,3.376363603,historical,9.897727284
1976,4,Apr,21.85363648,7.219999964,historical,14.53681822
1976,5,May,23.39090885,10.92545449,historical,17.15818167
1976,6,Jun,29.73818172,18.26363633,historical,24.00090903
1976,7,Jul,30.11454548,18.6336363,historical,24.37409089
1976,8,Aug,29.36727298,17.67090919,historical,23.51909109
1976,9,Sep,26.21545445,13.96272729,historical,20.08909087
1976,10,Oct,16.90181819,6.832727302,historical,11.86727275
1976,11,Nov,11.51272722,-0.325454548,historical,5.593636335
1976,12,Dec,5.953636343,-4.335454551,historical,0.809090896
1977,1,Jan,0.372727267,-9.351818258,historical,-4.489545496
1977,2,Feb,9.3654545,-3.64000004,historical,2.86272723
1977,3,Mar,16.68272729,4.311818188,historical,10.49727274
1977,4,Apr,21.80636354,7.695454597,historical,14.75090907
1977,5,May,26.3418182,12.85090915,historical,19.59636367
1977,6,Jun,27.73090917,15.76272713,historical,21.74681815
1977,7,Jul,32.27181833,19.75181788,historical,26.01181811
1977,8,Aug,30.94727256,19.62909109,historical,25.28818183
1977,9,Sep,27.90090908,17.05454549,historical,22.47772728
1977,10,Oct,19.24545444,8.064545415,historical,13.65499993
1977,11,Nov,13.79000005,6.045454589,historical,9.917727319
1977,12,Dec,7.001818223,-2.296363635,historical,2.352727294
1978,1,Jan,3.25090909,-5.509999969,historical,-1.129545439
1978,2,Feb,2.300000007,-6.556363626,historical,-2.12818181
1978,3,Mar,10.65363633,0.464545455,historical,5.55909089
1978,4,Apr,19.43454569,6.364545475,historical,12.89954558
1978,5,May,22.98545439,11.85454533,historical,17.41999986
1978,6,Jun,29.12818163,16.92272724,historical,23.02545443
1978,7,Jul,29.92727262,18.89090902,historical,24.40909082
1978,8,Aug,30.87818163,21.01909065,historical,25.94863614
1978,9,Sep,27.21090906,15.84545456,historical,21.52818181
1978,10,Oct,20.28545449,6.832727302,historical,13.5590909
1978,11,Nov,15.11727281,4.382727298,historical,9.750000054
1978,12,Dec,10.58818184,-1.109999991,historical,4.739090926
1979,1,Jan,4.835454507,-4.119090926,historical,0.358181791
1979,2,Feb,0.951818168,-8.334545396,historical,-3.691363614
1979,3,Mar,15.6709091,2.243636381,historical,8.957272741
1979,4,Apr,17.59272714,7.060000029,historical,12.32636359
1979,5,May,24.35363631,12.6163637,historical,18.485
1979,6,Jun,26.99272711,15.1890909,historical,21.090909
1979,7,Jul,29.32909116,19.27636372,historical,24.30272744
1979,8,Aug,29.54363615,19.27181816,historical,24.40772715
1979,9,Sep,25.82545471,15.54181845,historical,20.68363658
1979,10,Oct,19.25727255,8.018181888,historical,13.63772722
1979,11,Nov,16.88545487,5.223636324,historical,11.0545456
1979,12,Dec,10.05818194,-0.320909087,historical,4.868636425
1980,1,Jan,5.570909067,-2.489999966,historical,1.54045455
1980,2,Feb,5.359090892,-4.540000005,historical,0.409545443
1980,3,Mar,11.80363629,0.770000003,historical,6.286818147
1980,4,Apr,19.32909099,7.710909063,historical,13.52000002
1980,5,May,25.38272719,12.79181819,historical,19.08727269
1980,6,Jun,28.43636339,15.45999995,historical,21.94818167
1980,7,Jul,32.14636352,20.17090901,historical,26.15863627
1980,8,Aug,32.25,20.14909103,historical,26.19954551
1980,9,Sep,29.58272743,16.83181849,historical,23.20727296
1980,10,Oct,19.82363649,7.665454518,historical,13.7445455
1980,11,Nov,12.38909088,1.970909097,historical,7.179999991
1980,12,Dec,8.21090902,-2.481818188,historical,2.864545416
1981,1,Jan,3.598181833,-6.114545475,current,-1.258181821
1981,2,Feb,10.55363629,-1.614545459,current,4.469545416
1981,3,Mar,12.42090901,0.425454541,current,6.423181778
1981,4,Apr,21.94545451,8.550909129,current,15.24818182
1981,5,May,23.42636351,11.07363632,current,17.24999991
1981,6,Jun,29.61181797,18.60909063,current,24.1104543
1981,7,Jul,30.42363652,20.05818176,current,25.24090914
1981,8,Aug,29.11727264,17.30727282,current,23.21227273
1981,9,Sep,25.58181815,14.72363628,current,20.15272721
1981,10,Oct,19.08818158,6.947272691,current,13.01772714
1981,11,Nov,14.13272736,3.526363676,current,8.82954552
1981,12,Dec,6.458181858,-1.905454544,current,2.276363657
1982,1,Jan,2.113636374,-7.915454518,current,-2.900909072
1982,2,Feb,8.025454565,-2.027272712,current,2.999090926
1982,3,Mar,12.33999998,1.225454547,current,6.782727263
1982,4,Apr,18.25181822,4.517272754,current,11.38454549
1982,5,May,25.94727273,12.9572727,current,19.45227272
1982,6,Jun,26.76909065,16.50545458,current,21.63727262
1982,7,Jul,31.03909059,19.92272724,current,25.48090891
1982,8,Aug,28.59090892,16.9572727,current,22.77409081
1982,9,Sep,26.17090919,14.05454549,current,20.11272734
1982,10,Oct,20.43636322,8.298181794,current,14.36727251
1982,11,Nov,16.00454547,3.981818221,current,9.993181846
1982,12,Dec,11.75181822,1.863636358,current,6.807727291
1983,1,Jan,6.473636367,-2.044545434,current,2.214545467
1983,2,Feb,7.972727255,-2.872727286,current,2.549999985
1983,3,Mar,13.38090897,3.482727289,current,8.431818128
1983,4,Apr,16.16909105,5.805454558,current,10.9872728
1983,5,May,23.4127277,11.25363636,current,17.33318203
1983,6,Jun,28.95181795,17.05727265,current,23.0045453
1983,7,Jul,32.1754544,19.37727269,current,25.77636355
1983,8,Aug,31.99181782,19.78000017,current,25.88590899
1983,9,Sep,27.96363675,14.29181819,current,21.12772747
1983,10,Oct,20.12363659,8.979090864,current,14.55136373
1983,11,Nov,14.94363637,3.160909046,current,9.05227271
1983,12,Dec,5.616363655,-3.140909087,current,1.237727284
1984,1,Jan,3.727272749,-6.302727266,current,-1.287727258
1984,2,Feb,10.53999996,0.37454545,current,5.457272706
1984,3,Mar,9.308181763,-0.845454544,current,4.231363609
1984,4,Apr,17.0309091,6.459090883,current,11.74499999
1984,5,May,23.68727285,11.69090904,current,17.68909095
1984,6,Jun,29.88090897,17.58727264,current,23.73409081
1984,7,Jul,29.21090941,18.93454552,current,24.07272746
1984,8,Aug,29.86181814,19.31363643,current,24.58772729
1984,9,Sep,25.49000012,13.19818185,current,19.34409098
1984,10,Oct,22.46999983,12.29818188,current,17.38409086
1984,11,Nov,13.23090917,1.493636364,current,7.362272769
1984,12,Dec,12.93999993,1.546363635,current,7.243181781
1985,1,Jan,3.587272709,-5.781818216,current,-1.097272754
1985,2,Feb,7.996363596,-2.465454568,current,2.765454514
1985,3,Mar,14.32636365,1.948181803,current,8.137272726
1985,4,Apr,22.27454567,8.062727235,current,15.16863645
1985,5,May,25.28909094,13.07181827,current,19.1804546
1985,6,Jun,27.51272722,16.24818169,current,21.88045445
1985,7,Jul,30.93636339,19.27727266,current,25.10681803
1985,8,Aug,29.5918182,18.95818173,current,24.27499997
1985,9,Sep,27.7554545,14.57272729,current,21.16409089
1985,10,Oct,21.09272714,9.996363553,current,15.54454535
1985,11,Nov,16.34454536,7.034545552,current,11.68954546
1985,12,Dec,7.043636409,-3.615454522,current,1.714090943
1986,1,Jan,6.741818125,-4.221818144,current,1.25999999
1986,2,Feb,5.218181827,-2.875454534,current,1.171363646
1986,3,Mar,14.59090892,0.85272727,current,7.721818094
1986,4,Apr,19.62636358,6.693636461,current,13.16000002
1986,5,May,25.86363654,12.22818193,current,19.04590923
1986,6,Jun,30.37181802,17.14545475,current,23.75863639
1986,7,Jul,31.7918181,20.62545482,current,26.20863646
1986,8,Aug,28.52363638,17.72999989,current,23.12681814
1986,9,Sep,26.19909078,15.29545455,current,20.74727266
1986,10,Oct,21.87090908,9.204545368,current,15.53772723
1986,11,Nov,12.57363632,2.032727285,current,7.3031818
1986,12,Dec,8.622727481,-1.440000019,current,3.591363731
1987,1,Jan,5.365454587,-3.787272778,current,0.789090904
1987,2,Feb,7.254545429,-3.42545453,current,1.914545449
1987,3,Mar,14.89454538,1.84454544,current,8.369545411
1987,4,Apr,17.961818,6.251818223,current,12.10681811
1987,5,May,25.75363627,12.35999992,current,19.0568181
1987,6,Jun,30.26999976,17.85818169,current,24.06409073
1987,7,Jul,33.3472727,21.18181801,current,27.26454535
1987,8,Aug,31.16272718,19.42636316,current,25.29454517
1987,9,Sep,26.74636373,15.90727277,current,21.32681825
1987,10,Oct,18.63090931,4.542727254,current,11.58681828
1987,11,Nov,15.97636362,3.225454591,current,9.600909103
1987,12,Dec,9.111818227,-0.087272729,current,4.512272749
1988,1,Jan,3.740909078,-6.763636372,current,-1.511363647
1988,2,Feb,8.005454584,-2.929090868,current,2.538181858
1988,3,Mar,14.23000006,1.189090902,current,7.709545482
1988,4,Apr,17.83636371,5.894545512,current,11.86545461
1988,5,May,24.18727251,11.73636358,current,17.96181804
1988,6,Jun,29.66454558,16.49454533,current,23.07954545
1988,7,Jul,33.45090866,19.93090907,current,26.69090887
1988,8,Aug,32.08454548,20.22636362,current,26.15545455
1988,9,Sep,25.5727272,13.89636369,current,19.73454545
1988,10,Oct,17.89727263,4.573636423,current,11.23545453
1988,11,Nov,14.48909101,2.490909121,current,8.490000064
1988,12,Dec,8.472727082,-2.25545454,current,3.108636271
1989,1,Jan,8.418181766,-2.196363622,current,3.110909072
1989,2,Feb,7.783636353,-2.01636361,current,2.883636372
1989,3,Mar,12.148182,1.405454561,current,6.776818282
1989,4,Apr,18.31272715,5.121818304,current,11.71727273
1989,5,May,22.68545463,10.95181829,current,16.81863646
1989,6,Jun,29.29272738,18.45545457,current,23.87409097
1989,7,Jul,30.18090924,19.37272713,current,24.77681819
1989,8,Aug,28.97000035,18.35090915,current,23.66045475
1989,9,Sep,26.61545459,15.58909095,current,21.10227277
1989,10,Oct,21.28727271,8.559090961,current,14.92318184
1989,11,Nov,13.78272741,3.517272711,current,8.650000063
1989,12,Dec,1.641818177,-7.977272684,current,-3.167727254
1990,1,Jan,11.09000007,-0.051818184,current,5.519090941
1990,2,Feb,13.0354544,0.114545467,current,6.574999935
1990,3,Mar,15.6336363,3.180909092,current,9.407272696
1990,4,Apr,19.37727287,6.486363628,current,12.93181825
1990,5,May,22.84727253,11.69636362,current,17.27181807
1990,6,Jun,29.35363631,16.02181799,current,22.68772715
1990,7,Jul,31.15181802,19.72363645,current,25.43772723
1990,8,Aug,28.88272719,18.4690909,current,23.67590904
1990,9,Sep,25.8754543,14.00181822,current,19.93863626
1990,10,Oct,22.6109092,9.737272609,current,16.17409091
1990,11,Nov,17.33909087,3.420000011,current,10.37954544
1990,12,Dec,11.62909092,0.179090901,current,5.904090908
1991,1,Jan,7.654545481,-2.930909113,current,2.361818184
1991,2,Feb,11.46454551,-0.818181814,current,5.323181848
1991,3,Mar,14.08727264,2.785454522,current,8.436363583
1991,4,Apr,20.19181789,8.011818279,current,14.10181808
1991,5,May,28.3036362,15.17999996,current,21.74181808
1991,6,Jun,30.27636389,17.70454545,current,23.99045467
1991,7,Jul,32.47272769,21.28545449,current,26.87909109
1991,8,Aug,31.60363631,19.5727272,current,25.58818176
1991,9,Sep,27.05909105,15.1881817,current,21.12363638
1991,10,Oct,21.41454558,8.097272743,current,14.75590916
1991,11,Nov,13.97818184,3.390909087,current,8.684545463
1991,12,Dec,10.54454552,0.480909098,current,5.512727309
1992,1,Jan,7.820000042,-2.666363608,current,2.576818217
1992,2,Feb,9.63818186,-1.523636374,current,4.057272743
1992,3,Mar,11.83999981,0.467272725,current,6.153636266
1992,4,Apr,18.5172726,6.628181804,current,12.5727272
1992,5,May,22.30181798,10.25454556,current,16.27818177
1992,6,Jun,27.18272729,15.50636361,current,21.34454545
1992,7,Jul,30.66090913,20.28909076,current,25.47499995
1992,8,Aug,28.13272702,17.24727266,current,22.68999984
1992,9,Sep,25.37545447,15.08818167,current,20.23181807
1992,10,Oct,18.76727278,6.440909126,current,12.60409095
1992,11,Nov,13.3836363,4.445454554,current,8.914545428
1992,12,Dec,7.586363706,-0.206363635,current,3.690000035
1993,1,Jan,8.088181842,-0.686363631,current,3.700909106
1993,2,Feb,6.223636324,-4.435454542,current,0.894090891
1993,3,Mar,9.796363657,0.137272728,current,4.966818193
1993,4,Apr,18.538182,5.813636346,current,12.17590917
1993,5,May,25.3054546,12.62272731,current,18.96409095
1993,6,Jun,29.27818194,16.31636368,current,22.79727281
1993,7,Jul,33.22363663,21.13272736,current,27.178182
1993,8,Aug,31.43181818,19.36818175,current,25.39999997
1993,9,Sep,26.80090939,15.70818173,current,21.25454556
1993,10,Oct,19.6163637,7.618181879,current,13.61727279
1993,11,Nov,14.46636365,2.707272703,current,8.586818175
1993,12,Dec,7.088181842,-1.438181812,current,2.825000015
1994,1,Jan,2.09909089,-6.983636336,current,-2.442272723
1994,2,Feb,7.107272712,-3.492727236,current,1.807272738
1994,3,Mar,11.96000004,0.359090907,current,6.159545472
1994,4,Apr,22.85000021,8.835454507,current,15.84272736
1994,5,May,23.34636359,9.501818137,current,16.42409086
1994,6,Jun,31.59818164,18.62272713,current,25.11045439
1994,7,Jul,32.13090931,21.05454549,current,26.5927274
1994,8,Aug,29.06636359,17.88090897,current,23.47363628
1994,9,Sep,26.29272704,14.00909094,current,20.15090899
1994,10,Oct,20.45000024,6.908181841,current,13.67909104
1994,11,Nov,17.4354548,5.107272712,current,11.27136376
1994,12,Dec,11.21000004,0.878181819,current,6.044090928
1995,1,Jan,7.908181754,-0.600909094,current,3.65363633
1995,2,Feb,5.973636324,-4.764545441,current,0.604545442
1995,3,Mar,15.29636366,2.770909082,current,9.033636369
1995,4,Apr,20.02272745,5.727272684,current,12.87500007
1995,5,May,23.92090901,11.89545458,current,17.9081818
1995,6,Jun,28.30545477,17.8854547,current,23.09545474
1995,7,Jul,32.43000031,21.05454549,current,26.7422729
1995,8,Aug,32.38545452,20.10636382,current,26.24590917
1995,9,Sep,26.7863636,15.36818192,current,21.07727276
1995,10,Oct,22.51272722,9.664545493,current,16.08863635
1995,11,Nov,10.95727279,1.090000001,current,6.023636395
1995,12,Dec,5.632727233,-2.979999976,current,1.326363629
1996,1,Jan,4.855454445,-5.035454577,current,-0.090000066
1996,2,Feb,6.598181811,-2.642727277,current,1.977727267
1996,3,Mar,10.28454546,-0.494545451,current,4.895000007
1996,4,Apr,19.35636347,6.803636378,current,13.07999992
1996,5,May,22.2745455,11.6218182,current,16.94818185
1996,6,Jun,29.58818176,18.00909112,current,23.79863644
1996,7,Jul,29.35090915,19.02909071,current,24.18999993
1996,8,Aug,29.10272737,18.31909093,current,23.71090915
1996,9,Sep,25.3945453,15.78272715,current,20.58863622
1996,10,Oct,19.75727272,8.482727354,current,14.12000004
1996,11,Nov,10.66090913,1.237272729,current,5.949090931
1996,12,Dec,8.965454448,0.850000008,current,4.907727228
1997,1,Jan,6.472727255,-3.057272738,current,1.707727259
1997,2,Feb,10.39090919,0.694545452,current,5.542727323
1997,3,Mar,13.821818,3.147272739,current,8.484545372
1997,4,Apr,17.24272711,5.86727268,current,11.55499989
1997,5,May,22.85727258,9.945454771,current,16.40136368
1997,6,Jun,27.62454553,16.09727279,current,21.86090916
1997,7,Jul,31.38181825,19.63272736,current,25.50727281
1997,8,Aug,29.87545447,18.36181831,current,24.11863639
1997,9,Sep,25.85272702,15.05818176,current,20.45545439
1997,10,Oct,20.33181832,8.362727295,current,14.34727281
1997,11,Nov,11.6654546,2.834545461,current,7.250000033
1997,12,Dec,9.223636367,-0.43000001,current,4.396818179
1998,1,Jan,9.980000062,1.237272734,current,5.608636398
1998,2,Feb,10.09909092,1.077272724,current,5.588181823
1998,3,Mar,13.3000001,2.985454559,current,8.142727332
1998,4,Apr,20.61181814,8.086363576,current,14.34909086
1998,5,May,25.0727272,14.3009093,current,19.68681825
1998,6,Jun,28.01000006,17.81272732,current,22.91136369
1998,7,Jul,31.65363624,19.96090906,current,25.80727265
1998,8,Aug,31.95545457,19.85545453,current,25.90545455
1998,9,Sep,29.87272748,18.19545434,current,24.03409091
1998,10,Oct,20.67818208,9.6754544,current,15.17681824
1998,11,Nov,15.42363626,3.074545427,current,9.249090845
1998,12,Dec,11.79636374,1.465454519,current,6.630909131
1999,1,Jan,8.372727307,-2.359090913,current,3.006818197
1999,2,Feb,9.38818186,-1.321818189,current,4.033181835
1999,3,Mar,11.55181815,0.749090905,current,6.150454529
1999,4,Apr,19.81454554,7.116363699,current,13.46545462
1999,5,May,25.37818198,12.43454543,current,18.9063637
1999,6,Jun,29.03727289,17.75090911,current,23.394091
1999,7,Jul,33.74818247,21.58090904,current,27.66454575
1999,8,Aug,31.91909062,19.97636362,current,25.94772712
1999,9,Sep,25.95363652,15.7863636,current,20.87000006
1999,10,Oct,19.20181812,7.329999924,current,13.26590902
1999,11,Nov,17.32363632,5.728181752,current,11.52590903
1999,12,Dec,9.766363664,-0.329090908,current,4.718636378
2000,1,Jan,6.497272752,-3.456363635,current,1.520454558
2000,2,Feb,10.57272729,-0.828181811,current,4.872272739
2000,3,Mar,16.44909096,3.955454545,current,10.20227275
2000,4,Apr,18.07090933,7.364545475,current,12.7177274
2000,5,May,25.76090917,13.75363645,current,19.75727281
2000,6,Jun,28.90727269,18.21000012,current,23.55863641
2000,7,Jul,28.46090906,18.22454522,current,23.34272714
2000,8,Aug,28.77636372,18.92909067,current,23.8527272
2000,9,Sep,25.31545431,14.80454532,current,20.05999981
2000,10,Oct,21.60727293,8.577272719,current,15.09227282
2000,11,Nov,13.13454524,1.940000014,current,7.537272627
2000,12,Dec,4.099999991,-5.190000014,current,-0.545000011
2001,1,Jan,5.509090857,-4.071818222,current,0.718636318
2001,2,Feb,9.78363644,-1.237272723,current,4.273181858
2001,3,Mar,11.09272723,0.301818177,current,5.697272702
2001,4,Apr,20.22363628,7.32272716,current,13.77318172
2001,5,May,24.48727278,12.24454559,current,18.36590919
2001,6,Jun,28.96363622,18.07454543,current,23.51909083
2001,7,Jul,29.24363622,17.96818196,current,23.60590909
2001,8,Aug,30.82545437,20.54363667,current,25.68454552
2001,9,Sep,26.16000002,14.07818179,current,20.1190909
2001,10,Oct,21.60999992,7.490000075,current,14.55
2001,11,Nov,18.33999998,4.409090931,current,11.37454545
2001,12,Dec,12.11272743,1.83272727,current,6.972727348
2002,1,Jan,9.833636371,-0.646363648,current,4.593636361
2002,2,Feb,11.78181813,-0.776363623,current,5.502727253
2002,3,Mar,13.95818173,2.249090921,current,8.103636324
2002,4,Apr,20.96909072,8.654545307,current,14.81181801
2002,5,May,23.94818167,11.65818188,current,17.80318178
2002,6,Jun,30.01454579,18.19727273,current,24.10590926
2002,7,Jul,32.13999991,21.09181803,current,26.61590897
2002,8,Aug,32.37181854,21.00818183,current,26.69000019
2002,9,Sep,27.32545437,16.4445454,current,21.88499988
2002,10,Oct,18.72636379,10.0954543,current,14.41090905
2002,11,Nov,12.29363641,3.199999983,current,7.746818196
2002,12,Dec,6.614545519,-2.260000045,current,2.177272737
2003,1,Jan,3.076363585,-5.044545434,current,-0.984090924
2003,2,Feb,4.1690909,-4.048181859,current,0.06045452
2003,3,Mar,13.84727279,1.692727262,current,7.770000024
2003,4,Apr,18.24454533,6.502727292,current,12.37363631
2003,5,May,20.29727277,12.07909099,current,16.18818188
2003,6,Jun,26.03454573,17.12454518,current,21.57954545
2003,7,Jul,30.11090903,20.28727254,current,25.19909078
2003,8,Aug,30.2809091,21.11454548,current,25.69772729
2003,9,Sep,25.73636367,16.23636367,current,20.98636367
2003,10,Oct,18.90818214,7.695454597,current,13.30181837
2003,11,Nov,16.71636356,5.665454518,current,11.19090904
2003,12,Dec,8.048181707,-1.395454558,current,3.326363574
2004,1,Jan,3.269090891,-5.705454523,current,-1.218181816
2004,2,Feb,7.14727263,-2.875454556,current,2.135909037
2004,3,Mar,14.45818181,2.840909113,current,8.649545464
2004,4,Apr,18.49181817,8.351818301,current,13.42181823
2004,5,May,27.57272738,16.56545448,current,22.06909093
2004,6,Jun,27.60636382,17.64909103,current,22.62772742
2004,7,Jul,29.87999985,20.85727258,current,25.36863622
2004,8,Aug,28.80454549,19.25545484,current,24.03000017
2004,9,Sep,26.24272711,16.75090903,current,21.49681807
2004,10,Oct,18.90090908,9.201818206,current,14.05136364
2004,11,Nov,15.30818194,5.141818133,current,10.22500003
2004,12,Dec,8.889999823,-1.216363639,current,3.836818092
2005,1,Jan,6.218181827,-2.604545474,current,1.806818176
2005,2,Feb,9.070909153,-1.966363636,current,3.552272759
2005,3,Mar,10.00999997,0.241818173,current,5.125909071
2005,4,Apr,19.55000028,7.165454474,current,13.35772738
2005,5,May,21.5500001,10.00636352,current,15.77818181
2005,6,Jun,28.82727242,18.24181834,current,23.53454538
2005,7,Jul,31.25636378,21.59272749,current,26.42454563
2005,8,Aug,30.83818176,21.22090895,current,26.02954535
2005,9,Sep,29.31727288,17.13909097,current,23.22818193
2005,10,Oct,19.61818175,10.86272717,current,15.24045446
2005,11,Nov,15.54000005,3.952727296,current,9.746363672
2005,12,Dec,6.202727231,-2.570000009,current,1.816363611
2006,1,Jan,10.73363642,0.472727274,current,5.603181848
2006,2,Feb,8.190909039,-1.827272751,current,3.181818144
2006,3,Mar,13.4627272,2.459090872,current,7.960909036
2006,4,Apr,21.17272741,8.685454585,current,14.929091
2006,5,May,23.61181849,11.84454545,current,17.72818197
2006,6,Jun,28.64999997,17.83545459,current,23.24272728
2006,7,Jul,31.65909091,21.54909099,current,26.60409095
2006,8,Aug,31.97363645,20.95090918,current,26.46227282
2006,9,Sep,23.91272736,14.99272728,current,19.45272732
2006,10,Oct,18.73454527,8.291818185,current,13.51318173
2006,11,Nov,14.7436363,5.099090836,current,9.92136357
2006,12,Dec,12.24272728,1.133636366,current,6.688181823
2007,1,Jan,8.870000059,-0.115454545,current,4.377272757
2007,2,Feb,2.891818133,-5.910000064,current,-1.509090965
2007,3,Mar,14.39090911,1.761818181,current,8.076363645
2007,4,Apr,16.81363609,5.977272814,current,11.39545445
2007,5,May,25.58454548,13.10090915,current,19.34272731
2007,6,Jun,29.46272746,18.22999989,current,23.84636367
2007,7,Jul,31.33454583,19.6027272,current,25.46863651
2007,8,Aug,31.65454535,20.46818196,current,26.06136365
2007,9,Sep,28.40636357,16.090909,current,22.24863629
2007,10,Oct,24.20363652,12.49818186,current,18.35090919
2007,11,Nov,13.50181831,3.792727254,current,8.647272782
2007,12,Dec,8.04454539,0.219090906,current,4.131818148
2008,1,Jan,7.510908994,-1.99454546,current,2.758181767
2008,2,Feb,8.928181822,-1.550000001,current,3.68909091
2008,3,Mar,13.79636348,2.096363642,current,7.946363563
2008,4,Apr,19.37999985,8.390909195,current,13.88545452
2008,5,May,22.6754544,10.94818193,current,16.81181817
2008,6,Jun,30.58636388,18.64818174,current,24.61727281
2008,7,Jul,31.16363664,20.38090897,current,25.7722728
2008,8,Aug,29.36818192,18.4463638,current,23.90727286
2008,9,Sep,26.75818166,16.7872728,current,21.77272723
2008,10,Oct,19.61363654,8.026363676,current,13.82000011
2008,11,Nov,12.32999992,3.383636366,current,7.856818145
2008,12,Dec,8.689090902,-0.587272728,current,4.050909087
2009,1,Jan,3.436363632,-5.030909105,current,-0.797272736
2009,2,Feb,9.296363484,-1.742727258,current,3.776818113
2009,3,Mar,12.07636365,1.636363653,current,6.856363651
2009,4,Apr,19.45727244,8.181818138,current,13.81954529
2009,5,May,23.07999975,13.81363626,current,18.446818
2009,6,Jun,28.03272715,18.61545459,current,23.32409087
2009,7,Jul,29.58636353,19.16363664,current,24.37500009
2009,8,Aug,31.32818187,20.9445454,current,26.13636364
2009,9,Sep,25.38727275,15.74818186,current,20.56772731
2009,10,Oct,18.67909102,8.595454519,current,13.63727277
2009,11,Nov,14.99454542,5.764545397,current,10.37954541
2009,12,Dec,6.461818175,-1.828181814,current,2.31681818
2010,1,Jan,5.296363614,-3.320909067,current,0.987727274
2010,2,Feb,3.581818147,-3.591818159,current,-0.005000006
2010,3,Mar,14.40454544,4.517272797,current,9.460909117
2010,4,Apr,21.71454551,8.946363622,current,15.33045457
2010,5,May,25.1581818,14.28999996,current,19.72409088
2010,6,Jun,31.34272749,20.57454543,current,25.95863646
2010,7,Jul,32.89727194,21.79000005,current,27.34363599
2010,8,Aug,30.50454539,20.79181862,current,25.648182
2010,9,Sep,28.64090919,16.56272723,current,22.60181821
2010,10,Oct,20.769091,9.841818203,current,15.3054546
2010,11,Nov,14.09090909,3.283636375,current,8.687272733
2010,12,Dec,4.262727282,-2.968181849,current,0.647272717
2011,1,Jan,3.637272748,-3.886363593,current,-0.124545422
2011,2,Feb,9.18090907,-1.650909093,current,3.764999988
2011,3,Mar,13.25181805,2.018181812,current,7.634999931
2011,4,Apr,20.23727261,9.199090784,current,14.7181817
2011,5,May,25.09818198,14.42999978,current,19.76409088
2011,6,Jun,30.59272714,19.44181806,current,25.0172726
2011,7,Jul,33.56272749,22.31818182,current,27.94045466
2011,8,Aug,30.96181817,20.19727273,current,25.57954545
2011,9,Sep,25.40999985,17.65727286,current,21.53363635
2011,10,Oct,19.2027274,9.009999882,current,14.10636364
2011,11,Nov,16.50727281,4.70818188,current,10.60772734
2011,12,Dec,10.78636378,1.081818172,current,5.934090973
2012,1,Jan,8.766363838,-1.480909098,current,3.64272737
2012,2,Feb,11.09545465,0.542727274,current,5.819090962
2012,3,Mar,18.64636404,6.540909074,current,12.59363656
2012,4,Apr,19.60999992,7.405454592,current,13.50772725
2012,5,May,26.19909078,15.47545459,current,20.83727269
2012,6,Jun,29.06272697,17.49999948,current,23.28136323
2012,7,Jul,33.20363617,22.35363648,current,27.77863633
2012,8,Aug,30.7081819,20.83818176,current,25.77318183
2012,9,Sep,26.92636351,15.64909085,current,21.28772718
2012,10,Oct,20.16363612,9.818181818,current,14.99090897
2012,11,Nov,11.50181831,1.998181809,current,6.75000006
2012,12,Dec,10.58272726,2.066363638,current,6.324545448
2013,1,Jan,7.669090921,-1.01090909,current,3.329090916
2013,2,Feb,6.603636308,-1.895454558,current,2.354090875
2013,3,Mar,9.790000049,1.046363642,current,5.418181845
2013,4,Apr,19.99000012,7.722727385,current,13.85636375
2013,5,May,23.29909099,12.55090896,current,17.92499997
2013,6,Jun,28.63909097,19.05090887,current,23.84499992
2013,7,Jul,31.01818171,22.16727274,current,26.59272723
2013,8,Aug,28.32636348,19.03363661,current,23.68000005
2013,9,Sep,26.79181845,14.88818186,current,20.84000015
2013,10,Oct,20.68909108,10.48636358,current,15.58772733
2013,11,Nov,12.54636357,2.32000002,current,7.433181795
2013,12,Dec,8.935454542,0.434545444,current,4.684999993
2014,1,Jan,3.527272723,-6.583636371,current,-1.528181824
2014,2,Feb,6.690909039,-3.1781818,current,1.756363619
2014,3,Mar,9.380909053,-1.443636358,current,3.968636347
2014,4,Apr,19.04818188,6.779999993,current,12.91409094
2014,5,May,25.00181857,13.30636363,current,19.1540911
2014,6,Jun,29.09181838,18.80181833,current,23.94681835
2014,7,Jul,30.25454539,20.09363643,current,25.17409091
2014,8,Aug,28.76272722,18.63818169,current,23.70045445
2014,9,Sep,26.72181823,16.38090914,current,21.55136368
2014,10,Oct,20.68727268,10.85454551,current,15.77090909
2014,11,Nov,11.89545458,2.418181788,current,7.156818184
2014,12,Dec,9.316363681,1.108181803,current,5.212272742
2015,1,Jan,4.348181855,-4.052727287,current,0.147727284
2015,2,Feb,2.506363652,-7.887272748,current,-2.690454548
2015,3,Mar,10.16454549,-0.715454551,current,4.724545471
2015,4,Apr,19.3936367,7.666363586,current,13.53000014
2015,5,May,26.80636389,15.81727262,current,21.31181825
2015,6,Jun,28.43272729,19.72909078,current,24.08090904
2015,7,Jul,30.47909095,21.1527273,current,25.81590913
2015,8,Aug,30.28181822,19.2027274,current,24.74227281
2015,9,Sep,28.25636344,17.6281818,current,22.94227262
2015,10,Oct,19.53272733,8.659999934,current,14.09636363
2015,11,Nov,16.55818194,5.805454514,current,11.18181823
2015,12,Dec,14.43818179,5.514545484,current,9.976363637
2016,1,Jan,5.553636421,-4.410909111,current,0.571363655
2016,2,Feb,8.048181837,-1.526363627,current,3.260909105
2016,3,Mar,16.230909,4.874545509,current,10.55272725
2016,4,Apr,18.97636362,6.46272733,current,12.71954547
2016,5,May,21.1509089,12.52163627,current,16.83627259
2016,6,Jun,28.95772743,18.54072727,current,23.74922735
2016,7,Jul,32.05554563,21.90463638,current,26.98009101
2016,8,Aug,32.14999997,21.71881814,current,26.93440905
2016,9,Sep,28.04918185,18.61100023,current,23.33009104
2016,10,Oct,21.40145458,10.81700004,current,16.10922731
2016,11,Nov,15.5861819,3.206727266,current,9.396454584
2016,12,Dec,8.933999929,-0.173090906,current,4.380454511
2017,1,Jan,8.025636326,0.975545458,current,4.500590892
2017,2,Feb,12.97109084,1.118000012,current,7.044545424
2017,3,Mar,12.5981819,1.654818204,current,7.126500051
2017,4,Apr,21.59981814,11.02463618,current,16.31222716
2017,5,May,22.60509075,12.82618176,current,17.71563625
2017,6,Jun,29.26890893,18.38509091,current,23.82699992
2017,7,Jul,31.55218159,21.90463638,current,26.72840899
2017,8,Aug,28.61509098,21.71881814,current,25.16695456
2017,9,Sep,26.23218207,18.61100023,current,22.42159115
2017,10,Oct,22.4058179,10.81700004,current,16.61140897
2017,11,Nov,13.72281803,3.206727266,current,8.464772647
2017,12,Dec,7.643454508,-0.173090906,current,3.735181801
2018,1,Jan,5.644272761,0.975545458,current,3.309909109
2018,2,Feb,10.42972729,1.118000012,current,5.773863653
2018,3,Mar,9.884636185,1.654818204,current,5.769727195
2018,4,Apr,16.97045448,11.02463618,current,13.99754533
2018,5,May,26.45036351,12.82618176,current,19.63827263
2018,6,Jun,28.04518214,18.38509091,current,23.21513653
2018,7,Jul,30.80963655,20.79181827,current,25.80072741
2018,8,Aug,30.71481826,21.00300026,current,25.85890926
2018,9,Sep,26.81645463,19.36445479,current,23.09045471
2018,10,Oct,20.04481801,10.89381834,current,15.46931817
2018,11,Nov,10.84081797,2.80436363,current,6.822590801
2018,12,Dec,8.920909015,0.459454543,current,4.690181779