"file","year","month","tmax","tmin","ppt"
"tmax_4kmM2_201807","2018","07",30.8096365495162,NA,NA
"tmax_4kmM2_201808","2018","08",30.7148182608865,NA,NA
"tmax_4kmM2_201809","2018","09",26.8164546272971,NA,NA
"tmax_4kmM2_201810","2018","10",20.0448180111972,NA,NA
"tmax_4kmM2_201811","2018","11",10.840817971663,NA,NA
"tmax_4kmM2_201812","2018","12",8.92090901461515,NA,NA
"tmax_4kmM2_198101","1981","01",3.59818183292042,NA,NA
"tmax_4kmM2_198102","1981","02",10.5536362908103,NA,NA
"tmax_4kmM2_198103","1981","03",12.4209090146151,NA,NA
"tmax_4kmM2_198104","1981","04",21.9454545107755,NA,NA
"tmax_4kmM2_198105","1981","05",23.426363511519,NA,NA
"tmax_4kmM2_198106","1981","06",29.611817966808,NA,NA
"tmax_4kmM2_198107","1981","07",30.4236365231601,NA,NA
"tmax_4kmM2_198108","1981","08",29.1172726371072,NA,NA
"tmax_4kmM2_198109","1981","09",25.5818181471391,NA,NA
"tmax_4kmM2_198110","1981","10",19.0881815823642,NA,NA
"tmax_4kmM2_198111","1981","11",14.1327273628928,NA,NA
"tmax_4kmM2_198112","1981","12",6.45818185806274,NA,NA
"tmax_4kmM2_198201","1982","01",2.11363637447357,NA,NA
"tmax_4kmM2_198202","1982","02",8.02545456452803,NA,NA
"tmax_4kmM2_198203","1982","03",12.3399999791926,NA,NA
"tmax_4kmM2_198204","1982","04",18.2518182234331,NA,NA
"tmax_4kmM2_198205","1982","05",25.9472727342085,NA,NA
"tmax_4kmM2_198206","1982","06",26.7690906524658,NA,NA
"tmax_4kmM2_198207","1982","07",31.0390905900435,NA,NA
"tmax_4kmM2_198208","1982","08",28.5909089175138,NA,NA
"tmax_4kmM2_198209","1982","09",26.1709091880105,NA,NA
"tmax_4kmM2_198210","1982","10",20.4363632202148,NA,NA
"tmax_4kmM2_198211","1982","11",16.004545471885,NA,NA
"tmax_4kmM2_198212","1982","12",11.7518182234331,NA,NA
"tmax_4kmM2_198301","1983","01",6.47363636710427,NA,NA
"tmax_4kmM2_198302","1983","02",7.97272725538774,NA,NA
"tmax_4kmM2_198303","1983","03",13.3809089660645,NA,NA
"tmax_4kmM2_198304","1983","04",16.1690910512751,NA,NA
"tmax_4kmM2_198305","1983","05",23.4127277027477,NA,NA
"tmax_4kmM2_198306","1983","06",28.9518179460005,NA,NA
"tmax_4kmM2_198307","1983","07",32.1754543998025,NA,NA
"tmax_4kmM2_198308","1983","08",31.9918178211559,NA,NA
"tmax_4kmM2_198309","1983","09",27.9636367451061,NA,NA
"tmax_4kmM2_198310","1983","10",20.1236365925182,NA,NA
"tmax_4kmM2_198311","1983","11",14.9436363740401,NA,NA
"tmax_4kmM2_198312","1983","12",5.61636365543712,NA,NA
"tmax_4kmM2_198401","1984","01",3.72727274894714,NA,NA
"tmax_4kmM2_198402","1984","02",10.539999961853,NA,NA
"tmax_4kmM2_198403","1984","03",9.30818176269531,NA,NA
"tmax_4kmM2_198404","1984","04",17.0309091047807,NA,NA
"tmax_4kmM2_198405","1984","05",23.6872728521174,NA,NA
"tmax_4kmM2_198406","1984","06",29.8809089660645,NA,NA
"tmax_4kmM2_198407","1984","07",29.2109094099565,NA,NA
"tmax_4kmM2_198408","1984","08",29.8618181402033,NA,NA
"tmax_4kmM2_198409","1984","09",25.4900001179088,NA,NA
"tmax_4kmM2_198410","1984","10",22.4699998335405,NA,NA
"tmax_4kmM2_198411","1984","11",13.2309091741388,NA,NA
"tmax_4kmM2_198412","1984","12",12.939999927174,NA,NA
"tmax_4kmM2_198501","1985","01",3.58727270906622,NA,NA
"tmax_4kmM2_198502","1985","02",7.99636359648271,NA,NA
"tmax_4kmM2_198503","1985","03",14.3263636502353,NA,NA
"tmax_4kmM2_198504","1985","04",22.2745456695557,NA,NA
"tmax_4kmM2_198505","1985","05",25.2890909368342,NA,NA
"tmax_4kmM2_198506","1985","06",27.5127272172408,NA,NA
"tmax_4kmM2_198507","1985","07",30.9363633936102,NA,NA
"tmax_4kmM2_198508","1985","08",29.5918182026256,NA,NA
"tmax_4kmM2_198509","1985","09",27.7554544969039,NA,NA
"tmax_4kmM2_198510","1985","10",21.0927271409468,NA,NA
"tmax_4kmM2_198511","1985","11",16.3445453643799,NA,NA
"tmax_4kmM2_198512","1985","12",7.04363640871915,NA,NA
"tmax_4kmM2_198601","1986","01",6.74181812459772,NA,NA
"tmax_4kmM2_198602","1986","02",5.21818182685158,NA,NA
"tmax_4kmM2_198603","1986","03",14.5909089175138,NA,NA
"tmax_4kmM2_198604","1986","04",19.6263635808771,NA,NA
"tmax_4kmM2_198605","1986","05",25.8636365370317,NA,NA
"tmax_4kmM2_198606","1986","06",30.3718180222945,NA,NA
"tmax_4kmM2_198607","1986","07",31.7918180985884,NA,NA
"tmax_4kmM2_198608","1986","08",28.5236363844438,NA,NA
"tmax_4kmM2_198609","1986","09",26.1990907842463,NA,NA
"tmax_4kmM2_198610","1986","10",21.8709090839733,NA,NA
"tmax_4kmM2_198611","1986","11",12.5736363150857,NA,NA
"tmax_4kmM2_198612","1986","12",8.62272748080167,NA,NA
"tmax_4kmM2_198701","1987","01",5.36545458706942,NA,NA
"tmax_4kmM2_198702","1987","02",7.25454542853616,NA,NA
"tmax_4kmM2_198703","1987","03",14.8945453817194,NA,NA
"tmax_4kmM2_198704","1987","04",17.961818001487,NA,NA
"tmax_4kmM2_198705","1987","05",25.7536362734708,NA,NA
"tmax_4kmM2_198706","1987","06",30.2699997641824,NA,NA
"tmax_4kmM2_198707","1987","07",33.3472726995295,NA,NA
"tmax_4kmM2_198708","1987","08",31.1627271825617,NA,NA
"tmax_4kmM2_198709","1987","09",26.7463637265292,NA,NA
"tmax_4kmM2_198710","1987","10",18.6309093128551,NA,NA
"tmax_4kmM2_198711","1987","11",15.9763636155562,NA,NA
"tmax_4kmM2_198712","1987","12",9.11181822690097,NA,NA
"tmax_4kmM2_198801","1988","01",3.74090907790444,NA,NA
"tmax_4kmM2_198802","1988","02",8.00545458360152,NA,NA
"tmax_4kmM2_198803","1988","03",14.2300000624223,NA,NA
"tmax_4kmM2_198804","1988","04",17.8363637057218,NA,NA
"tmax_4kmM2_198805","1988","05",24.1872725053267,NA,NA
"tmax_4kmM2_198806","1988","06",29.6645455793901,NA,NA
"tmax_4kmM2_198807","1988","07",33.4509086608887,NA,NA
"tmax_4kmM2_198808","1988","08",32.0845454822887,NA,NA
"tmax_4kmM2_198809","1988","09",25.5727272033691,NA,NA
"tmax_4kmM2_198810","1988","10",17.8972726301713,NA,NA
"tmax_4kmM2_198811","1988","11",14.4890910061923,NA,NA
"tmax_4kmM2_198812","1988","12",8.47272708199241,NA,NA
"tmax_4kmM2_198901","1989","01",8.41818176616322,NA,NA
"tmax_4kmM2_198902","1989","02",7.78363635323264,NA,NA
"tmax_4kmM2_198903","1989","03",12.1481820019809,NA,NA
"tmax_4kmM2_198904","1989","04",18.3127271478826,NA,NA
"tmax_4kmM2_198905","1989","05",22.6854546286843,NA,NA
"tmax_4kmM2_198906","1989","06",29.2927273837003,NA,NA
"tmax_4kmM2_198907","1989","07",30.180909243497,NA,NA
"tmax_4kmM2_198908","1989","08",28.9700003537265,NA,NA
"tmax_4kmM2_198909","1989","09",26.6154545870694,NA,NA
"tmax_4kmM2_198910","1989","10",21.2872727134011,NA,NA
"tmax_4kmM2_198911","1989","11",13.7827274149114,NA,NA
"tmax_4kmM2_198912","1989","12",1.64181817661632,NA,NA
"tmax_4kmM2_199001","1990","01",11.0900000658902,NA,NA
"tmax_4kmM2_199002","1990","02",13.0354544032704,NA,NA
"tmax_4kmM2_199003","1990","03",15.633636301214,NA,NA
"tmax_4kmM2_199004","1990","04",19.377272865989,NA,NA
"tmax_4kmM2_199005","1990","05",22.8472725261341,NA,NA
"tmax_4kmM2_199006","1990","06",29.3536363081499,NA,NA
"tmax_4kmM2_199007","1990","07",31.1518180153587,NA,NA
"tmax_4kmM2_199008","1990","08",28.8827271894975,NA,NA
"tmax_4kmM2_199009","1990","09",25.8754542957653,NA,NA
"tmax_4kmM2_199010","1990","10",22.6109092018821,NA,NA
"tmax_4kmM2_199011","1990","11",17.339090867476,NA,NA
"tmax_4kmM2_199012","1990","12",11.6290909160267,NA,NA
"tmax_4kmM2_199101","1991","01",7.65454548055475,NA,NA
"tmax_4kmM2_199102","1991","02",11.464545510032,NA,NA
"tmax_4kmM2_199103","1991","03",14.087272644043,NA,NA
"tmax_4kmM2_199104","1991","04",20.191817890514,NA,NA
"tmax_4kmM2_199105","1991","05",28.3036362041127,NA,NA
"tmax_4kmM2_199106","1991","06",30.2763638929887,NA,NA
"tmax_4kmM2_199107","1991","07",32.4727276888761,NA,NA
"tmax_4kmM2_199108","1991","08",31.6036363081499,NA,NA
"tmax_4kmM2_199109","1991","09",27.0590910478072,NA,NA
"tmax_4kmM2_199110","1991","10",21.4145455793901,NA,NA
"tmax_4kmM2_199111","1991","11",13.9781818389893,NA,NA
"tmax_4kmM2_199112","1991","12",10.5445455204357,NA,NA
"tmax_4kmM2_199201","1992","01",7.82000004161488,NA,NA
"tmax_4kmM2_199202","1992","02",9.6381818597967,NA,NA
"tmax_4kmM2_199203","1992","03",11.8399998057972,NA,NA
"tmax_4kmM2_199204","1992","04",18.5172726024281,NA,NA
"tmax_4kmM2_199205","1992","05",22.3018179806796,NA,NA
"tmax_4kmM2_199206","1992","06",27.1827272935347,NA,NA
"tmax_4kmM2_199207","1992","07",30.660909132524,NA,NA
"tmax_4kmM2_199208","1992","08",28.1327270161022,NA,NA
"tmax_4kmM2_199209","1992","09",25.3754544691606,NA,NA
"tmax_4kmM2_199210","1992","10",18.7672727758234,NA,NA
"tmax_4kmM2_199211","1992","11",13.383636301214,NA,NA
"tmax_4kmM2_199212","1992","12",7.58636370572177,NA,NA
"tmax_4kmM2_199301","1993","01",8.08818184245716,NA,NA
"tmax_4kmM2_199302","1993","02",6.22363632375544,NA,NA
"tmax_4kmM2_199303","1993","03",9.79636365717108,NA,NA
"tmax_4kmM2_199304","1993","04",18.538181998513,NA,NA
"tmax_4kmM2_199305","1993","05",25.3054546009411,NA,NA
"tmax_4kmM2_199306","1993","06",29.2781819430265,NA,NA
"tmax_4kmM2_199307","1993","07",33.2236366271973,NA,NA
"tmax_4kmM2_199308","1993","08",31.4318181818182,NA,NA
"tmax_4kmM2_199309","1993","09",26.8009093891491,NA,NA
"tmax_4kmM2_199310","1993","10",19.616363698786,NA,NA
"tmax_4kmM2_199311","1993","11",14.4663636467674,NA,NA
"tmax_4kmM2_199312","1993","12",7.08818184245716,NA,NA
"tmax_4kmM2_199401","1994","01",2.09909089045091,NA,NA
"tmax_4kmM2_199402","1994","02",7.10727271166715,NA,NA
"tmax_4kmM2_199403","1994","03",11.960000038147,NA,NA
"tmax_4kmM2_199404","1994","04",22.8500002080744,NA,NA
"tmax_4kmM2_199405","1994","05",23.3463635878129,NA,NA
"tmax_4kmM2_199406","1994","06",31.5981816378507,NA,NA
"tmax_4kmM2_199407","1994","07",32.1309093128551,NA,NA
"tmax_4kmM2_199408","1994","08",29.0663635947488,NA,NA
"tmax_4kmM2_199409","1994","09",26.2927270369096,NA,NA
"tmax_4kmM2_199410","1994","10",20.4500002427535,NA,NA
"tmax_4kmM2_199411","1994","11",17.4354548020796,NA,NA
"tmax_4kmM2_199412","1994","12",11.210000038147,NA,NA
"tmax_4kmM2_199501","1995","01",7.90818175402555,NA,NA
"tmax_4kmM2_199502","1995","02",5.97363632375544,NA,NA
"tmax_4kmM2_199503","1995","03",15.2963636571711,NA,NA
"tmax_4kmM2_199504","1995","04",20.0227274461226,NA,NA
"tmax_4kmM2_199505","1995","05",23.9209090146151,NA,NA
"tmax_4kmM2_199506","1995","06",28.3054547743364,NA,NA
"tmax_4kmM2_199507","1995","07",32.4300003051758,NA,NA
"tmax_4kmM2_199508","1995","08",32.3854545246471,NA,NA
"tmax_4kmM2_199509","1995","09",26.7863636016846,NA,NA
"tmax_4kmM2_199510","1995","10",22.5127272172408,NA,NA
"tmax_4kmM2_199511","1995","11",10.957272789695,NA,NA
"tmax_4kmM2_199512","1995","12",5.63272723284635,NA,NA
"tmax_4kmM2_199601","1996","01",4.85545444488525,NA,NA
"tmax_4kmM2_199602","1996","02",6.598181811246,NA,NA
"tmax_4kmM2_199603","1996","03",10.2845454649492,NA,NA
"tmax_4kmM2_199604","1996","04",19.3563634699041,NA,NA
"tmax_4kmM2_199605","1996","05",22.2745454961603,NA,NA
"tmax_4kmM2_199606","1996","06",29.5881817557595,NA,NA
"tmax_4kmM2_199607","1996","07",29.3509091463956,NA,NA
"tmax_4kmM2_199608","1996","08",29.1027273698287,NA,NA
"tmax_4kmM2_199609","1996","09",25.3945452950218,NA,NA
"tmax_4kmM2_199610","1996","10",19.7572727203369,NA,NA
"tmax_4kmM2_199611","1996","11",10.660909132524,NA,NA
"tmax_4kmM2_199612","1996","12",8.96545444835316,NA,NA
"tmax_4kmM2_199701","1997","01",6.47272725538774,NA,NA
"tmax_4kmM2_199702","1997","02",10.3909091949463,NA,NA
"tmax_4kmM2_199703","1997","03",13.8218180049549,NA,NA
"tmax_4kmM2_199704","1997","04",17.2427271062678,NA,NA
"tmax_4kmM2_199705","1997","05",22.8572725816206,NA,NA
"tmax_4kmM2_199706","1997","06",27.6245455308394,NA,NA
"tmax_4kmM2_199707","1997","07",31.3818182511763,NA,NA
"tmax_4kmM2_199708","1997","08",29.8754544691606,NA,NA
"tmax_4kmM2_199709","1997","09",25.852727023038,NA,NA
"tmax_4kmM2_199710","1997","10",20.3318183205344,NA,NA
"tmax_4kmM2_199711","1997","11",11.665454604409,NA,NA
"tmax_4kmM2_199712","1997","12",9.22363636710427,NA,NA
"tmax_4kmM2_199801","1998","01",9.98000006242232,NA,NA
"tmax_4kmM2_199802","1998","02",10.0990909229625,NA,NA
"tmax_4kmM2_199803","1998","03",13.3000001040372,NA,NA
"tmax_4kmM2_199804","1998","04",20.6118181402033,NA,NA
"tmax_4kmM2_199805","1998","05",25.0727272033691,NA,NA
"tmax_4kmM2_199806","1998","06",28.0100000554865,NA,NA
"tmax_4kmM2_199807","1998","07",31.6536362387917,NA,NA
"tmax_4kmM2_199808","1998","08",31.955454566262,NA,NA
"tmax_4kmM2_199809","1998","09",29.8727274808017,NA,NA
"tmax_4kmM2_199810","1998","10",20.6781820817427,NA,NA
"tmax_4kmM2_199811","1998","11",15.4236362630671,NA,NA
"tmax_4kmM2_199812","1998","12",11.7963637438687,NA,NA
"tmax_4kmM2_199901","1999","01",8.37272730740634,NA,NA
"tmax_4kmM2_199902","1999","02",9.3881818597967,NA,NA
"tmax_4kmM2_199903","1999","03",11.5518181540749,NA,NA
"tmax_4kmM2_199904","1999","04",19.814545544711,NA,NA
"tmax_4kmM2_199905","1999","05",25.3781819777055,NA,NA
"tmax_4kmM2_199906","1999","06",29.0372728867964,NA,NA
"tmax_4kmM2_199907","1999","07",33.7481824701483,NA,NA
"tmax_4kmM2_199908","1999","08",31.9190906177868,NA,NA
"tmax_4kmM2_199909","1999","09",25.9536365162243,NA,NA
"tmax_4kmM2_199910","1999","10",19.2018181193959,NA,NA
"tmax_4kmM2_199911","1999","11",17.3236363150857,NA,NA
"tmax_4kmM2_199912","1999","12",9.76636366410689,NA,NA
"tmax_4kmM2_200001","2000","01",6.49727275154807,NA,NA
"tmax_4kmM2_200002","2000","02",10.5727272900668,NA,NA
"tmax_4kmM2_200003","2000","03",16.4490909576416,NA,NA
"tmax_4kmM2_200004","2000","04",18.0709093267267,NA,NA
"tmax_4kmM2_200005","2000","05",25.760909167203,NA,NA
"tmax_4kmM2_200006","2000","06",28.9072726856578,NA,NA
"tmax_4kmM2_200007","2000","07",28.4609090631658,NA,NA
"tmax_4kmM2_200008","2000","08",28.7763637195934,NA,NA
"tmax_4kmM2_200009","2000","09",25.3154543096369,NA,NA
"tmax_4kmM2_200010","2000","10",21.6072729284113,NA,NA
"tmax_4kmM2_200011","2000","11",13.1345452395352,NA,NA
"tmax_4kmM2_200012","2000","12",4.09999999133023,NA,NA
"tmax_4kmM2_200101","2001","01",5.50909085707231,NA,NA
"tmax_4kmM2_200102","2001","02",9.78363643993031,NA,NA
"tmax_4kmM2_200103","2001","03",11.0927272276445,NA,NA
"tmax_4kmM2_200104","2001","04",20.2236362804066,NA,NA
"tmax_4kmM2_200105","2001","05",24.4872727827592,NA,NA
"tmax_4kmM2_200106","2001","06",28.9636362249201,NA,NA
"tmax_4kmM2_200107","2001","07",29.2436362179843,NA,NA
"tmax_4kmM2_200108","2001","08",30.8254543651234,NA,NA
"tmax_4kmM2_200109","2001","09",26.1600000208074,NA,NA
"tmax_4kmM2_200110","2001","10",21.6099999167702,NA,NA
"tmax_4kmM2_200111","2001","11",18.3399999791926,NA,NA
"tmax_4kmM2_200112","2001","12",12.1127274253152,NA,NA
"tmax_4kmM2_200201","2002","01",9.83363637057218,NA,NA
"tmax_4kmM2_200202","2002","02",11.7818181297996,NA,NA
"tmax_4kmM2_200203","2002","03",13.9581817280162,NA,NA
"tmax_4kmM2_200204","2002","04",20.969090721824,NA,NA
"tmax_4kmM2_200205","2002","05",23.9481816725297,NA,NA
"tmax_4kmM2_200206","2002","06",30.0145457874645,NA,NA
"tmax_4kmM2_200207","2002","07",32.1399999098344,NA,NA
"tmax_4kmM2_200208","2002","08",32.3718185424805,NA,NA
"tmax_4kmM2_200209","2002","09",27.3254543651234,NA,NA
"tmax_4kmM2_200210","2002","10",18.7263637889515,NA,NA
"tmax_4kmM2_200211","2002","11",12.2936364087192,NA,NA
"tmax_4kmM2_200212","2002","12",6.61454551870173,NA,NA
"tmax_4kmM2_200301","2003","01",3.07636358521201,NA,NA
"tmax_4kmM2_200302","2003","02",4.16909089955417,NA,NA
"tmax_4kmM2_200303","2003","03",13.8472727862271,NA,NA
"tmax_4kmM2_200304","2003","04",18.2445453297008,NA,NA
"tmax_4kmM2_200305","2003","05",20.2972727688876,NA,NA
"tmax_4kmM2_200306","2003","06",26.0345457250422,NA,NA
"tmax_4kmM2_200307","2003","07",30.1109090284868,NA,NA
"tmax_4kmM2_200308","2003","08",30.2809091047807,NA,NA
"tmax_4kmM2_200309","2003","09",25.7363636710427,NA,NA
"tmax_4kmM2_200310","2003","10",18.908182144165,NA,NA
"tmax_4kmM2_200311","2003","11",16.7163635600697,NA,NA
"tmax_4kmM2_200312","2003","12",8.04818170720881,NA,NA
"tmax_4kmM2_200401","2004","01",3.2690908908844,NA,NA
"tmax_4kmM2_200402","2004","02",7.14727263017134,NA,NA
"tmax_4kmM2_200403","2004","03",14.4581818147139,NA,NA
"tmax_4kmM2_200404","2004","04",18.4918181679466,NA,NA
"tmax_4kmM2_200405","2004","05",27.5727273767645,NA,NA
"tmax_4kmM2_200406","2004","06",27.6063638166948,NA,NA
"tmax_4kmM2_200407","2004","07",29.8799998543479,NA,NA
"tmax_4kmM2_200408","2004","08",28.8045454892245,NA,NA
"tmax_4kmM2_200409","2004","09",26.2427271062678,NA,NA
"tmax_4kmM2_200410","2004","10",18.9009090770375,NA,NA
"tmax_4kmM2_200411","2004","11",15.3081819360906,NA,NA
"tmax_4kmM2_200412","2004","12",8.88999982313676,NA,NA
"tmax_4kmM2_200501","2005","01",6.21818182685158,NA,NA
"tmax_4kmM2_200502","2005","02",9.07090915333141,NA,NA
"tmax_4kmM2_200503","2005","03",10.0099999687888,NA,NA
"tmax_4kmM2_200504","2005","04",19.5500002774325,NA,NA
"tmax_4kmM2_200505","2005","05",21.5500001040372,NA,NA
"tmax_4kmM2_200506","2005","06",28.8272724151611,NA,NA
"tmax_4kmM2_200507","2005","07",31.2563637820157,NA,NA
"tmax_4kmM2_200508","2005","08",30.8381817557595,NA,NA
"tmax_4kmM2_200509","2005","09",29.3172728798606,NA,NA
"tmax_4kmM2_200510","2005","10",19.6181817488237,NA,NA
"tmax_4kmM2_200511","2005","11",15.5400000485507,NA,NA
"tmax_4kmM2_200512","2005","12",6.20272723111239,NA,NA
"tmax_4kmM2_200601","2006","01",10.7336364225908,NA,NA
"tmax_4kmM2_200602","2006","02",8.19090903889049,NA,NA
"tmax_4kmM2_200603","2006","03",13.4627271999012,NA,NA
"tmax_4kmM2_200604","2006","04",21.1727274114435,NA,NA
"tmax_4kmM2_200605","2006","05",23.611818486994,NA,NA
"tmax_4kmM2_200606","2006","06",28.6499999653209,NA,NA
"tmax_4kmM2_200607","2006","07",31.6590909090909,NA,NA
"tmax_4kmM2_200608","2006","08",31.9736364538019,NA,NA
"tmax_4kmM2_200609","2006","09",23.912727355957,NA,NA
"tmax_4kmM2_200610","2006","10",18.7345452742143,NA,NA
"tmax_4kmM2_200611","2006","11",14.743636304682,NA,NA
"tmax_4kmM2_200612","2006","12",12.2427272796631,NA,NA
"tmax_4kmM2_200701","2007","01",8.87000005895441,NA,NA
"tmax_4kmM2_200702","2007","02",2.89181813326749,NA,NA
"tmax_4kmM2_200703","2007","03",14.3909091082486,NA,NA
"tmax_4kmM2_200704","2007","04",16.8136360862038,NA,NA
"tmax_4kmM2_200705","2007","05",25.5845454822887,NA,NA
"tmax_4kmM2_200706","2007","06",29.4627274599942,NA,NA
"tmax_4kmM2_200707","2007","07",31.3345458290794,NA,NA
"tmax_4kmM2_200708","2007","08",31.6545453505083,NA,NA
"tmax_4kmM2_200709","2007","09",28.4063635739413,NA,NA
"tmax_4kmM2_200710","2007","10",24.2036365162243,NA,NA
"tmax_4kmM2_200711","2007","11",13.5018183101307,NA,NA
"tmax_4kmM2_200712","2007","12",8.04454539038918,NA,NA
"tmax_4kmM2_200801","2008","01",7.51090899380771,NA,NA
"tmax_4kmM2_200802","2008","02",8.92818182164972,NA,NA
"tmax_4kmM2_200803","2008","03",13.7963634837757,NA,NA
"tmax_4kmM2_200804","2008","04",19.3799998543479,NA,NA
"tmax_4kmM2_200805","2008","05",22.6754543998025,NA,NA
"tmax_4kmM2_200806","2008","06",30.5863638791171,NA,NA
"tmax_4kmM2_200807","2008","07",31.1636366410689,NA,NA
"tmax_4kmM2_200808","2008","08",29.368181922219,NA,NA
"tmax_4kmM2_200809","2008","09",26.7581816586581,NA,NA
"tmax_4kmM2_200810","2008","10",19.6136365370317,NA,NA
"tmax_4kmM2_200811","2008","11",12.3299999237061,NA,NA
"tmax_4kmM2_200812","2008","12",8.6890909021551,NA,NA
"tmax_4kmM2_200901","2009","01",3.43636363202875,NA,NA
"tmax_4kmM2_200902","2009","02",9.29636348377575,NA,NA
"tmax_4kmM2_200903","2009","03",12.0763636502353,NA,NA
"tmax_4kmM2_200904","2009","04",19.4572724429044,NA,NA
"tmax_4kmM2_200905","2009","05",23.0799997503107,NA,NA
"tmax_4kmM2_200906","2009","06",28.0327271548184,NA,NA
"tmax_4kmM2_200907","2009","07",29.5863635323264,NA,NA
"tmax_4kmM2_200908","2009","08",31.3281818736683,NA,NA
"tmax_4kmM2_200909","2009","09",25.3872727480802,NA,NA
"tmax_4kmM2_200910","2009","10",18.6790910200639,NA,NA
"tmax_4kmM2_200911","2009","11",14.9945454163985,NA,NA
"tmax_4kmM2_200912","2009","12",6.46181817488237,NA,NA
"tmax_4kmM2_201001","2010","01",5.29636361382224,NA,NA
"tmax_4kmM2_201002","2010","02",3.58181814713912,NA,NA
"tmax_4kmM2_201003","2010","03",14.4045454372059,NA,NA
"tmax_4kmM2_201004","2010","04",21.714545510032,NA,NA
"tmax_4kmM2_201005","2010","05",25.1581817973744,NA,NA
"tmax_4kmM2_201006","2010","06",31.3427274877375,NA,NA
"tmax_4kmM2_201007","2010","07",32.89727193659,NA,NA
"tmax_4kmM2_201008","2010","08",30.5045453851873,NA,NA
"tmax_4kmM2_201009","2010","09",28.6409091949463,NA,NA
"tmax_4kmM2_201010","2010","10",20.7690909992565,NA,NA
"tmax_4kmM2_201011","2010","11",14.0909090909091,NA,NA
"tmax_4kmM2_201012","2010","12",4.26272728226402,NA,NA
"tmax_4kmM2_201101","2011","01",3.63727274808017,NA,NA
"tmax_4kmM2_201102","2011","02",9.18090907010165,NA,NA
"tmax_4kmM2_201103","2011","03",13.2518180500377,NA,NA
"tmax_4kmM2_201104","2011","04",20.2372726093639,NA,NA
"tmax_4kmM2_201105","2011","05",25.0981819846413,NA,NA
"tmax_4kmM2_201106","2011","06",30.5927271409468,NA,NA
"tmax_4kmM2_201107","2011","07",33.5627274946733,NA,NA
"tmax_4kmM2_201108","2011","08",30.9618181748824,NA,NA
"tmax_4kmM2_201109","2011","09",25.4099998474121,NA,NA
"tmax_4kmM2_201110","2011","10",19.2027274045077,NA,NA
"tmax_4kmM2_201111","2011","11",16.5072728070346,NA,NA
"tmax_4kmM2_201112","2011","12",10.7863637750799,NA,NA
"tmax_4kmM2_201201","2012","01",8.76636383750222,NA,NA
"tmax_4kmM2_201202","2012","02",11.0954546494917,NA,NA
"tmax_4kmM2_201203","2012","03",18.6463640386408,NA,NA
"tmax_4kmM2_201204","2012","04",19.6099999167702,NA,NA
"tmax_4kmM2_201205","2012","05",26.1990907842463,NA,NA
"tmax_4kmM2_201206","2012","06",29.0627269744873,NA,NA
"tmax_4kmM2_201207","2012","07",33.2036361694336,NA,NA
"tmax_4kmM2_201208","2012","08",30.7081819014116,NA,NA
"tmax_4kmM2_201209","2012","09",26.926363511519,NA,NA
"tmax_4kmM2_201210","2012","10",20.1636361208829,NA,NA
"tmax_4kmM2_201211","2012","11",11.5018183101307,NA,NA
"tmax_4kmM2_201212","2012","12",10.5827272588556,NA,NA
"tmax_4kmM2_201301","2013","01",7.66909092122858,NA,NA
"tmax_4kmM2_201302","2013","02",6.60363630814986,NA,NA
"tmax_4kmM2_201303","2013","03",9.79000004855069,NA,NA
"tmax_4kmM2_201304","2013","04",19.9900001179088,NA,NA
"tmax_4kmM2_201305","2013","05",23.2990909923207,NA,NA
"tmax_4kmM2_201306","2013","06",28.6390909715132,NA,NA
"tmax_4kmM2_201307","2013","07",31.0181817141446,NA,NA
"tmax_4kmM2_201308","2013","08",28.3263634768399,NA,NA
"tmax_4kmM2_201309","2013","09",26.7918184453791,NA,NA
"tmax_4kmM2_201310","2013","10",20.6890910755504,NA,NA
"tmax_4kmM2_201311","2013","11",12.5463635704734,NA,NA
"tmax_4kmM2_201312","2013","12",8.93545454198664,NA,NA
"tmax_4kmM2_201401","2014","01",3.52727272293784,NA,NA
"tmax_4kmM2_201402","2014","02",6.69090903889049,NA,NA
"tmax_4kmM2_201403","2014","03",9.38090905276212,NA,NA
"tmax_4kmM2_201404","2014","04",19.0481818806041,NA,NA
"tmax_4kmM2_201405","2014","05",25.0018185702237,NA,NA
"tmax_4kmM2_201406","2014","06",29.091818376021,NA,NA
"tmax_4kmM2_201407","2014","07",30.2545453851873,NA,NA
"tmax_4kmM2_201408","2014","08",28.7627272172408,NA,NA
"tmax_4kmM2_201409","2014","09",26.7218182303689,NA,NA
"tmax_4kmM2_201410","2014","10",20.687272678722,NA,NA
"tmax_4kmM2_201411","2014","11",11.8954545801336,NA,NA
"tmax_4kmM2_201412","2014","12",9.31636368144642,NA,NA
"tmax_4kmM2_201501","2015","01",4.34818185459484,NA,NA
"tmax_4kmM2_201502","2015","02",2.50636365196922,NA,NA
"tmax_4kmM2_201503","2015","03",10.1645454926924,NA,NA
"tmax_4kmM2_201504","2015","04",19.3936367034912,NA,NA
"tmax_4kmM2_201505","2015","05",26.8063638860529,NA,NA
"tmax_4kmM2_201506","2015","06",28.4327272935347,NA,NA
"tmax_4kmM2_201507","2015","07",30.4790909507058,NA,NA
"tmax_4kmM2_201508","2015","08",30.2818182164972,NA,NA
"tmax_4kmM2_201509","2015","09",28.2563634352251,NA,NA
"tmax_4kmM2_201510","2015","10",19.5327273282138,NA,NA
"tmax_4kmM2_201511","2015","11",16.5581819360906,NA,NA
"tmax_4kmM2_201512","2015","12",14.4381817904386,NA,NA
"tmax_4kmM2_201601","2016","01",5.55363642085682,NA,NA
"tmax_4kmM2_201602","2016","02",8.0481818372553,NA,NA
"tmax_4kmM2_201603","2016","03",16.2309090007435,NA,NA
"tmax_4kmM2_201604","2016","04",18.9763636155562,NA,NA
"tmax_4kmM2_201605","2016","05",21.1509089036421,NA,NA
"tmax_4kmM2_201606","2016","06",28.957727432251,NA,NA
"tmax_4kmM2_201607","2016","07",32.0555456334894,NA,NA
"tmax_4kmM2_201608","2016","08",32.1499999653209,NA,NA
"tmax_4kmM2_201609","2016","09",28.0491818514737,NA,NA
"tmax_4kmM2_201610","2016","10",21.4014545787464,NA,NA
"tmax_4kmM2_201611","2016","11",15.586181900718,NA,NA
"tmax_4kmM2_201612","2016","12",8.93399992856112,NA,NA
"tmax_4kmM2_201701","2017","01",8.02563632618297,NA,NA
"tmax_4kmM2_201702","2017","02",12.9710908369585,NA,NA
"tmax_4kmM2_201703","2017","03",12.5981818979437,NA,NA
"tmax_4kmM2_201704","2017","04",21.5998181429776,NA,NA
"tmax_4kmM2_201705","2017","05",22.60509074818,NA,NA
"tmax_4kmM2_201706","2017","06",29.2689089341597,NA,NA
"tmax_4kmM2_201707","2017","07",31.5521815906871,NA,NA
"tmax_4kmM2_201708","2017","08",28.6150909770619,NA,NA
"tmax_4kmM2_201709","2017","09",26.2321820692583,NA,NA
"tmax_4kmM2_201710","2017","10",22.405817898837,NA,NA
"tmax_4kmM2_201711","2017","11",13.7228180278431,NA,NA
"tmax_4kmM2_201712","2017","12",7.64345450834794,NA,NA
"tmax_4kmM2_201801","2018","01",5.64427276091142,NA,NA
"tmax_4kmM2_201802","2018","02",10.4297272942283,NA,NA
"tmax_4kmM2_201803","2018","03",9.88463618538596,NA,NA
"tmax_4kmM2_201804","2018","04",16.9704544760964,NA,NA
"tmax_4kmM2_201805","2018","05",26.4503635059703,NA,NA
"tmax_4kmM2_201806","2018","06",28.0451821413907,NA,NA
"tmin_4kmM2_201807","2018","07",NA,20.7918182719838,NA
"tmin_4kmM2_201808","2018","08",NA,21.0030002593994,NA
"tmin_4kmM2_201809","2018","09",NA,19.3644547895952,NA
"tmin_4kmM2_201810","2018","10",NA,10.8938183350997,NA
"tmin_4kmM2_201811","2018","11",NA,2.80436363003471,NA
"tmin_4kmM2_201812","2018","12",NA,0.459454543211243,NA
"tmin_4kmM2_198101","1981","01",NA,-6.11454547535289,NA
"tmin_4kmM2_198102","1981","02",NA,-1.61454545909708,NA
"tmin_4kmM2_198103","1981","03",NA,0.425454541024837,NA
"tmin_4kmM2_198104","1981","04",NA,8.55090912905606,NA
"tmin_4kmM2_198105","1981","05",NA,11.0736363150857,NA
"tmin_4kmM2_198106","1981","06",NA,18.6090906316584,NA
"tmin_4kmM2_198107","1981","07",NA,20.0581817626953,NA
"tmin_4kmM2_198108","1981","08",NA,17.3072728243741,NA
"tmin_4kmM2_198109","1981","09",NA,14.7236362804066,NA
"tmin_4kmM2_198110","1981","10",NA,6.94727269085971,NA
"tmin_4kmM2_198111","1981","11",NA,3.52636367624456,NA
"tmin_4kmM2_198112","1981","12",NA,-1.90545454350385,NA
"tmin_4kmM2_198201","1982","01",NA,-7.91545451771129,NA
"tmin_4kmM2_198202","1982","02",NA,-2.02727271210064,NA
"tmin_4kmM2_198203","1982","03",NA,1.2254545471885,NA
"tmin_4kmM2_198204","1982","04",NA,4.517272754149,NA
"tmin_4kmM2_198205","1982","05",NA,12.9572727029974,NA
"tmin_4kmM2_198206","1982","06",NA,16.5054545836015,NA
"tmin_4kmM2_198207","1982","07",NA,19.9227272380482,NA
"tmin_4kmM2_198208","1982","08",NA,16.9572727029974,NA
"tmin_4kmM2_198209","1982","09",NA,14.0545454892245,NA
"tmin_4kmM2_198210","1982","10",NA,8.29818179390647,NA
"tmin_4kmM2_198211","1982","11",NA,3.98181822083213,NA
"tmin_4kmM2_198212","1982","12",NA,1.86363635821776,NA
"tmin_4kmM2_198301","1983","01",NA,-2.04454543373802,NA
"tmin_4kmM2_198302","1983","02",NA,-2.87272728573192,NA
"tmin_4kmM2_198303","1983","03",NA,3.48272728919983,NA
"tmin_4kmM2_198304","1983","04",NA,5.80545455759222,NA
"tmin_4kmM2_198305","1983","05",NA,11.2536363601685,NA
"tmin_4kmM2_198306","1983","06",NA,17.0572726509788,NA
"tmin_4kmM2_198307","1983","07",NA,19.3772726925937,NA
"tmin_4kmM2_198308","1983","08",NA,19.7800001664595,NA
"tmin_4kmM2_198309","1983","09",NA,14.2918181852861,NA
"tmin_4kmM2_198310","1983","10",NA,8.97909086400812,NA
"tmin_4kmM2_198311","1983","11",NA,3.16090904582631,NA
"tmin_4kmM2_198312","1983","12",NA,-3.14090908657421,NA
"tmin_4kmM2_198401","1984","01",NA,-6.30272726579146,NA
"tmin_4kmM2_198402","1984","02",NA,0.374545450237664,NA
"tmin_4kmM2_198403","1984","03",NA,-0.845454543998296,NA
"tmin_4kmM2_198404","1984","04",NA,6.45909088308161,NA
"tmin_4kmM2_198405","1984","05",NA,11.6909090388905,NA
"tmin_4kmM2_198406","1984","06",NA,17.587272644043,NA
"tmin_4kmM2_198407","1984","07",NA,18.9345455169678,NA
"tmin_4kmM2_198408","1984","08",NA,19.3136364329945,NA
"tmin_4kmM2_198409","1984","09",NA,13.1981818459251,NA
"tmin_4kmM2_198410","1984","10",NA,12.2981818806041,NA
"tmin_4kmM2_198411","1984","11",NA,1.4936363642866,NA
"tmin_4kmM2_198412","1984","12",NA,1.54636363549666,NA
"tmin_4kmM2_198501","1985","01",NA,-5.78181821649725,NA
"tmin_4kmM2_198502","1985","02",NA,-2.46545456756245,NA
"tmin_4kmM2_198503","1985","03",NA,1.94818180257624,NA
"tmin_4kmM2_198504","1985","04",NA,8.0627272345803,NA
"tmin_4kmM2_198505","1985","05",NA,13.0718182650479,NA
"tmin_4kmM2_198506","1985","06",NA,16.2481816898693,NA
"tmin_4kmM2_198507","1985","07",NA,19.2772726579146,NA
"tmin_4kmM2_198508","1985","08",NA,18.9581817280162,NA
"tmin_4kmM2_198509","1985","09",NA,14.5727272900668,NA
"tmin_4kmM2_198510","1985","10",NA,9.99636355313388,NA
"tmin_4kmM2_198511","1985","11",NA,7.03454555164684,NA
"tmin_4kmM2_198512","1985","12",NA,-3.61545452204618,NA
"tmin_4kmM2_198601","1986","01",NA,-4.22181814367121,NA
"tmin_4kmM2_198602","1986","02",NA,-2.87545453418385,NA
"tmin_4kmM2_198603","1986","03",NA,0.852727269584482,NA
"tmin_4kmM2_198604","1986","04",NA,6.69363646073775,NA
"tmin_4kmM2_198605","1986","05",NA,12.2281819256869,NA
"tmin_4kmM2_198606","1986","06",NA,17.1454547535289,NA
"tmin_4kmM2_198607","1986","07",NA,20.6254548159513,NA
"tmin_4kmM2_198608","1986","08",NA,17.729999889027,NA
"tmin_4kmM2_198609","1986","09",NA,15.2954545454545,NA
"tmin_4kmM2_198610","1986","10",NA,9.20454536784779,NA
"tmin_4kmM2_198611","1986","11",NA,2.03272728486495,NA
"tmin_4kmM2_198612","1986","12",NA,-1.44000001929023,NA
"tmin_4kmM2_198701","1987","01",NA,-3.78727277842435,NA
"tmin_4kmM2_198702","1987","02",NA,-3.42545452984897,NA
"tmin_4kmM2_198703","1987","03",NA,1.84454544024034,NA
"tmin_4kmM2_198704","1987","04",NA,6.25181822343306,NA
"tmin_4kmM2_198705","1987","05",NA,12.3599999167702,NA
"tmin_4kmM2_198706","1987","06",NA,17.8581816933372,NA
"tmin_4kmM2_198707","1987","07",NA,21.1818180084229,NA
"tmin_4kmM2_198708","1987","08",NA,19.4263631647283,NA
"tmin_4kmM2_198709","1987","09",NA,15.9072727723555,NA
"tmin_4kmM2_198710","1987","10",NA,4.54272725365379,NA
"tmin_4kmM2_198711","1987","11",NA,3.22545459053733,NA
"tmin_4kmM2_198712","1987","12",NA,-0.0872727288779887,NA
"tmin_4kmM2_198801","1988","01",NA,-6.76363637230613,NA
"tmin_4kmM2_198802","1988","02",NA,-2.92909086834301,NA
"tmin_4kmM2_198803","1988","03",NA,1.1890909021551,NA
"tmin_4kmM2_198804","1988","04",NA,5.89454551176591,NA
"tmin_4kmM2_198805","1988","05",NA,11.736363584345,NA
"tmin_4kmM2_198806","1988","06",NA,16.4945453297008,NA
"tmin_4kmM2_198807","1988","07",NA,19.9309090701017,NA
"tmin_4kmM2_198808","1988","08",NA,20.2263636155562,NA
"tmin_4kmM2_198809","1988","09",NA,13.8963636918501,NA
"tmin_4kmM2_198810","1988","10",NA,4.57363642345775,NA
"tmin_4kmM2_198811","1988","11",NA,2.49090912125327,NA
"tmin_4kmM2_198812","1988","12",NA,-2.25545454025269,NA
"tmin_4kmM2_198901","1989","01",NA,-2.19636362249201,NA
"tmin_4kmM2_198902","1989","02",NA,-2.01636360992085,NA
"tmin_4kmM2_198903","1989","03",NA,1.40545456111431,NA
"tmin_4kmM2_198904","1989","04",NA,5.12181830406189,NA
"tmin_4kmM2_198905","1989","05",NA,10.9518182927912,NA
"tmin_4kmM2_198906","1989","06",NA,18.455454566262,NA
"tmin_4kmM2_198907","1989","07",NA,19.372727134011,NA
"tmin_4kmM2_198908","1989","08",NA,18.3509091463956,NA
"tmin_4kmM2_198909","1989","09",NA,15.5890909541737,NA
"tmin_4kmM2_198910","1989","10",NA,8.55909096110951,NA
"tmin_4kmM2_198911","1989","11",NA,3.51727271080017,NA
"tmin_4kmM2_198912","1989","12",NA,-7.97727268392389,NA
"tmin_4kmM2_199001","1990","01",NA,-0.0518181838772514,NA
"tmin_4kmM2_199002","1990","02",NA,0.114545467224988,NA
"tmin_4kmM2_199003","1990","03",NA,3.18090909177607,NA
"tmin_4kmM2_199004","1990","04",NA,6.48636362769387,NA
"tmin_4kmM2_199005","1990","05",NA,11.696363622492,NA
"tmin_4kmM2_199006","1990","06",NA,16.0218179876154,NA
"tmin_4kmM2_199007","1990","07",NA,19.7236364538019,NA
"tmin_4kmM2_199008","1990","08",NA,18.4690908952193,NA
"tmin_4kmM2_199009","1990","09",NA,14.0018182234331,NA
"tmin_4kmM2_199010","1990","10",NA,9.7372726093639,NA
"tmin_4kmM2_199011","1990","11",NA,3.4200000112707,NA
"tmin_4kmM2_199012","1990","12",NA,0.179090900854631,NA
"tmin_4kmM2_199101","1991","01",NA,-2.93090911345048,NA
"tmin_4kmM2_199102","1991","02",NA,-0.818181814456528,NA
"tmin_4kmM2_199103","1991","03",NA,2.78545452247966,NA
"tmin_4kmM2_199104","1991","04",NA,8.01181827891957,NA
"tmin_4kmM2_199105","1991","05",NA,15.1799999583851,NA
"tmin_4kmM2_199106","1991","06",NA,17.7045454545455,NA
"tmin_4kmM2_199107","1991","07",NA,21.285454489968,NA
"tmin_4kmM2_199108","1991","08",NA,19.5727272033691,NA
"tmin_4kmM2_199109","1991","09",NA,15.1881817037409,NA
"tmin_4kmM2_199110","1991","10",NA,8.09727274287831,NA
"tmin_4kmM2_199111","1991","11",NA,3.39090908657421,NA
"tmin_4kmM2_199112","1991","12",NA,0.480909098278392,NA
"tmin_4kmM2_199201","1992","01",NA,-2.66636360775341,NA
"tmin_4kmM2_199202","1992","02",NA,-1.5236363736066,NA
"tmin_4kmM2_199203","1992","03",NA,0.467272725294937,NA
"tmin_4kmM2_199204","1992","04",NA,6.62818180431019,NA
"tmin_4kmM2_199205","1992","05",NA,10.2545455585827,NA
"tmin_4kmM2_199206","1992","06",NA,15.5063636086204,NA
"tmin_4kmM2_199207","1992","07",NA,20.2890907634388,NA
"tmin_4kmM2_199208","1992","08",NA,17.2472726648504,NA
"tmin_4kmM2_199209","1992","09",NA,15.0881816690618,NA
"tmin_4kmM2_199210","1992","10",NA,6.44090912558816,NA
"tmin_4kmM2_199211","1992","11",NA,4.44545455412431,NA
"tmin_4kmM2_199212","1992","12",NA,-0.206363635307009,NA
"tmin_4kmM2_199301","1993","01",NA,-0.686363631351428,NA
"tmin_4kmM2_199302","1993","02",NA,-4.43545454198664,NA
"tmin_4kmM2_199303","1993","03",NA,0.137272728268396,NA
"tmin_4kmM2_199304","1993","04",NA,5.81363634629683,NA
"tmin_4kmM2_199305","1993","05",NA,12.6227273074063,NA
"tmin_4kmM2_199306","1993","06",NA,16.3163636814464,NA
"tmin_4kmM2_199307","1993","07",NA,21.1327273628928,NA
"tmin_4kmM2_199308","1993","08",NA,19.3681817488237,NA
"tmin_4kmM2_199309","1993","09",NA,15.7081817280162,NA
"tmin_4kmM2_199310","1993","10",NA,7.61818187887018,NA
"tmin_4kmM2_199311","1993","11",NA,2.70727270299738,NA
"tmin_4kmM2_199312","1993","12",NA,-1.43818181211298,NA
"tmin_4kmM2_199401","1994","01",NA,-6.98363633589311,NA
"tmin_4kmM2_199402","1994","02",NA,-3.49272723631425,NA
"tmin_4kmM2_199403","1994","03",NA,0.359090906652537,NA
"tmin_4kmM2_199404","1994","04",NA,8.83545450730757,NA
"tmin_4kmM2_199405","1994","05",NA,9.5018181367354,NA
"tmin_4kmM2_199406","1994","06",NA,18.622727134011,NA
"tmin_4kmM2_199407","1994","07",NA,21.0545454892245,NA
"tmin_4kmM2_199408","1994","08",NA,17.8809089660645,NA
"tmin_4kmM2_199409","1994","09",NA,14.00909094377,NA
"tmin_4kmM2_199410","1994","10",NA,6.90818184072321,NA
"tmin_4kmM2_199411","1994","11",NA,5.10727271166715,NA
"tmin_4kmM2_199412","1994","12",NA,0.878181818703359,NA
"tmin_4kmM2_199501","1995","01",NA,-0.600909094241532,NA
"tmin_4kmM2_199502","1995","02",NA,-4.76454544067383,NA
"tmin_4kmM2_199503","1995","03",NA,2.77090908180584,NA
"tmin_4kmM2_199504","1995","04",NA,5.72727268392389,NA
"tmin_4kmM2_199505","1995","05",NA,11.8954545801336,NA
"tmin_4kmM2_199506","1995","06",NA,17.8854546980424,NA
"tmin_4kmM2_199507","1995","07",NA,21.0545454892245,NA
"tmin_4kmM2_199508","1995","08",NA,20.1063638166948,NA
"tmin_4kmM2_199509","1995","09",NA,15.368181922219,NA
"tmin_4kmM2_199510","1995","10",NA,9.66454549269243,NA
"tmin_4kmM2_199511","1995","11",NA,1.09000000120564,NA
"tmin_4kmM2_199512","1995","12",NA,-2.97999997572465,NA
"tmin_4kmM2_199601","1996","01",NA,-5.03545457666571,NA
"tmin_4kmM2_199602","1996","02",NA,-2.64272727749564,NA
"tmin_4kmM2_199603","1996","03",NA,-0.494545450942083,NA
"tmin_4kmM2_199604","1996","04",NA,6.80363637750799,NA
"tmin_4kmM2_199605","1996","05",NA,11.6218181956898,NA
"tmin_4kmM2_199606","1996","06",NA,18.0090911171653,NA
"tmin_4kmM2_199607","1996","07",NA,19.0290907079523,NA
"tmin_4kmM2_199608","1996","08",NA,18.3190909298983,NA
"tmin_4kmM2_199609","1996","09",NA,15.7827271548184,NA
"tmin_4kmM2_199610","1996","10",NA,8.48272735422308,NA
"tmin_4kmM2_199611","1996","11",NA,1.23727272857319,NA
"tmin_4kmM2_199612","1996","12",NA,0.850000007586046,NA
"tmin_4kmM2_199701","1997","01",NA,-3.05727273767645,NA
"tmin_4kmM2_199702","1997","02",NA,0.694545451721007,NA
"tmin_4kmM2_199703","1997","03",NA,3.14727273854342,NA
"tmin_4kmM2_199704","1997","04",NA,5.86727268045599,NA
"tmin_4kmM2_199705","1997","05",NA,9.94545477086847,NA
"tmin_4kmM2_199706","1997","06",NA,16.0972727862271,NA
"tmin_4kmM2_199707","1997","07",NA,19.6327273628928,NA
"tmin_4kmM2_199708","1997","08",NA,18.3618183135986,NA
"tmin_4kmM2_199709","1997","09",NA,15.0581817626953,NA
"tmin_4kmM2_199710","1997","10",NA,8.36272729526867,NA
"tmin_4kmM2_199711","1997","11",NA,2.83454546061429,NA
"tmin_4kmM2_199712","1997","12",NA,-0.430000009861859,NA
"tmin_4kmM2_199801","1998","01",NA,1.2372727339918,NA
"tmin_4kmM2_199802","1998","02",NA,1.07727272402156,NA
"tmin_4kmM2_199803","1998","03",NA,2.98545455932617,NA
"tmin_4kmM2_199804","1998","04",NA,8.08636357567527,NA
"tmin_4kmM2_199805","1998","05",NA,14.3009093024514,NA
"tmin_4kmM2_199806","1998","06",NA,17.812727321278,NA
"tmin_4kmM2_199807","1998","07",NA,19.9609090631658,NA
"tmin_4kmM2_199808","1998","08",NA,19.8554545315829,NA
"tmin_4kmM2_199809","1998","09",NA,18.1954543373801,NA
"tmin_4kmM2_199810","1998","10",NA,9.67545439980247,NA
"tmin_4kmM2_199811","1998","11",NA,3.0745454268022,NA
"tmin_4kmM2_199812","1998","12",NA,1.46545451879501,NA
"tmin_4kmM2_199901","1999","01",NA,-2.35909091342579,NA
"tmin_4kmM2_199902","1999","02",NA,-1.32181818918748,NA
"tmin_4kmM2_199903","1999","03",NA,0.749090904539282,NA
"tmin_4kmM2_199904","1999","04",NA,7.11636369878596,NA
"tmin_4kmM2_199905","1999","05",NA,12.4345454302701,NA
"tmin_4kmM2_199906","1999","06",NA,17.7509091117165,NA
"tmin_4kmM2_199907","1999","07",NA,21.5809090354226,NA
"tmin_4kmM2_199908","1999","08",NA,19.9763636155562,NA
"tmin_4kmM2_199909","1999","09",NA,15.7863636016846,NA
"tmin_4kmM2_199910","1999","10",NA,7.32999992370605,NA
"tmin_4kmM2_199911","1999","11",NA,5.72818175229159,NA
"tmin_4kmM2_199912","1999","12",NA,-0.329090908169746,NA
"tmin_4kmM2_200001","2000","01",NA,-3.45636363462968,NA
"tmin_4kmM2_200002","2000","02",NA,-0.828181811185046,NA
"tmin_4kmM2_200003","2000","03",NA,3.95545454458757,NA
"tmin_4kmM2_200004","2000","04",NA,7.36454547535289,NA
"tmin_4kmM2_200005","2000","05",NA,13.7536364468661,NA
"tmin_4kmM2_200006","2000","06",NA,18.2100001248446,NA
"tmin_4kmM2_200007","2000","07",NA,18.2245452187278,NA
"tmin_4kmM2_200008","2000","08",NA,18.9290906732733,NA
"tmin_4kmM2_200009","2000","09",NA,14.8045453158292,NA
"tmin_4kmM2_200010","2000","10",NA,8.57727271860296,NA
"tmin_4kmM2_200011","2000","11",NA,1.94000001387163,NA
"tmin_4kmM2_200012","2000","12",NA,-5.19000001387163,NA
"tmin_4kmM2_200101","2001","01",NA,-4.07181822169911,NA
"tmin_4kmM2_200102","2001","02",NA,-1.23727272315459,NA
"tmin_4kmM2_200103","2001","03",NA,0.301818176596002,NA
"tmin_4kmM2_200104","2001","04",NA,7.32272716002031,NA
"tmin_4kmM2_200105","2001","05",NA,12.2445455897938,NA
"tmin_4kmM2_200106","2001","06",NA,18.0745454268022,NA
"tmin_4kmM2_200107","2001","07",NA,17.9681819568981,NA
"tmin_4kmM2_200108","2001","08",NA,20.5436366688121,NA
"tmin_4kmM2_200109","2001","09",NA,14.0781817869707,NA
"tmin_4kmM2_200110","2001","10",NA,7.49000007455999,NA
"tmin_4kmM2_200111","2001","11",NA,4.40909093076533,NA
"tmin_4kmM2_200112","2001","12",NA,1.83272726969285,NA
"tmin_4kmM2_200201","2002","01",NA,-0.646363648162647,NA
"tmin_4kmM2_200202","2002","02",NA,-0.77636362307451,NA
"tmin_4kmM2_200203","2002","03",NA,2.24909092079509,NA
"tmin_4kmM2_200204","2002","04",NA,8.65454530715942,NA
"tmin_4kmM2_200205","2002","05",NA,11.658181884072,NA
"tmin_4kmM2_200206","2002","06",NA,18.1972727342085,NA
"tmin_4kmM2_200207","2002","07",NA,21.0918180292303,NA
"tmin_4kmM2_200208","2002","08",NA,21.0081818320534,NA
"tmin_4kmM2_200209","2002","09",NA,16.4445453990589,NA
"tmin_4kmM2_200210","2002","10",NA,10.0954543027011,NA
"tmin_4kmM2_200211","2002","11",NA,3.19999998266047,NA
"tmin_4kmM2_200212","2002","12",NA,-2.2600000446493,NA
"tmin_4kmM2_200301","2003","01",NA,-5.04454543373801,NA
"tmin_4kmM2_200302","2003","02",NA,-4.04818185892972,NA
"tmin_4kmM2_200303","2003","03",NA,1.69272726232355,NA
"tmin_4kmM2_200304","2003","04",NA,6.50272729180076,NA
"tmin_4kmM2_200305","2003","05",NA,12.0790909853849,NA
"tmin_4kmM2_200306","2003","06",NA,17.1245451840487,NA
"tmin_4kmM2_200307","2003","07",NA,20.2872725400058,NA
"tmin_4kmM2_200308","2003","08",NA,21.1145454753529,NA
"tmin_4kmM2_200309","2003","09",NA,16.2363636710427,NA
"tmin_4kmM2_200310","2003","10",NA,7.69545459747314,NA
"tmin_4kmM2_200311","2003","11",NA,5.66545451771129,NA
"tmin_4kmM2_200312","2003","12",NA,-1.3954545584592,NA
"tmin_4kmM2_200401","2004","01",NA,-5.70545452291315,NA
"tmin_4kmM2_200402","2004","02",NA,-2.87545455585827,NA
"tmin_4kmM2_200403","2004","03",NA,2.84090911258351,NA
"tmin_4kmM2_200404","2004","04",NA,8.35181830146096,NA
"tmin_4kmM2_200405","2004","05",NA,16.5654544830322,NA
"tmin_4kmM2_200406","2004","06",NA,17.6490910269997,NA
"tmin_4kmM2_200407","2004","07",NA,20.8572725816206,NA
"tmin_4kmM2_200408","2004","08",NA,19.2554548436945,NA
"tmin_4kmM2_200409","2004","09",NA,16.7509090250189,NA
"tmin_4kmM2_200410","2004","10",NA,9.20181820609353,NA
"tmin_4kmM2_200411","2004","11",NA,5.14181813326749,NA
"tmin_4kmM2_200412","2004","12",NA,-1.21636363863945,NA
"tmin_4kmM2_200501","2005","01",NA,-2.60454547405243,NA
"tmin_4kmM2_200502","2005","02",NA,-1.96636363593015,NA
"tmin_4kmM2_200503","2005","03",NA,0.241818173365159,NA
"tmin_4kmM2_200504","2005","04",NA,7.16545447436246,NA
"tmin_4kmM2_200505","2005","05",NA,10.0063635219227,NA
"tmin_4kmM2_200506","2005","06",NA,18.2418183413419,NA
"tmin_4kmM2_200507","2005","07",NA,21.5927274877375,NA
"tmin_4kmM2_200508","2005","08",NA,21.220908945257,NA
"tmin_4kmM2_200509","2005","09",NA,17.1390909715132,NA
"tmin_4kmM2_200510","2005","10",NA,10.8627271652222,NA
"tmin_4kmM2_200511","2005","11",NA,3.95272729613564,NA
"tmin_4kmM2_200512","2005","12",NA,-2.57000000910325,NA
"tmin_4kmM2_200601","2006","01",NA,0.472727273675528,NA
"tmin_4kmM2_200602","2006","02",NA,-1.82727275111459,NA
"tmin_4kmM2_200603","2006","03",NA,2.4590908722444,NA
"tmin_4kmM2_200604","2006","04",NA,8.68545458533547,NA
"tmin_4kmM2_200605","2006","05",NA,11.8445454510775,NA
"tmin_4kmM2_200606","2006","06",NA,17.8354545940052,NA
"tmin_4kmM2_200607","2006","07",NA,21.5490909923207,NA
"tmin_4kmM2_200608","2006","08",NA,20.9509091810747,NA
"tmin_4kmM2_200609","2006","09",NA,14.9927272796631,NA
"tmin_4kmM2_200610","2006","10",NA,8.29181818528609,NA
"tmin_4kmM2_200611","2006","11",NA,5.09909083626487,NA
"tmin_4kmM2_200612","2006","12",NA,1.13363636623729,NA
"tmin_4kmM2_200701","2007","01",NA,-0.115454545413906,NA
"tmin_4kmM2_200702","2007","02",NA,-5.91000006415627,NA
"tmin_4kmM2_200703","2007","03",NA,1.76181818138469,NA
"tmin_4kmM2_200704","2007","04",NA,5.97727281397039,NA
"tmin_4kmM2_200705","2007","05",NA,13.1009091463956,NA
"tmin_4kmM2_200706","2007","06",NA,18.229999889027,NA
"tmin_4kmM2_200707","2007","07",NA,19.6027271964333,NA
"tmin_4kmM2_200708","2007","08",NA,20.4681819568981,NA
"tmin_4kmM2_200709","2007","09",NA,16.0909090042114,NA
"tmin_4kmM2_200710","2007","10",NA,12.4981818632646,NA
"tmin_4kmM2_200711","2007","11",NA,3.79272725365379,NA
"tmin_4kmM2_200712","2007","12",NA,0.219090905717828,NA
"tmin_4kmM2_200801","2008","01",NA,-1.99454545974731,NA
"tmin_4kmM2_200802","2008","02",NA,-1.55000000108372,NA
"tmin_4kmM2_200803","2008","03",NA,2.09636364199898,NA
"tmin_4kmM2_200804","2008","04",NA,8.39090919494629,NA
"tmin_4kmM2_200805","2008","05",NA,10.9481819326227,NA
"tmin_4kmM2_200806","2008","06",NA,18.6481817418879,NA
"tmin_4kmM2_200807","2008","07",NA,20.3809089660645,NA
"tmin_4kmM2_200808","2008","08",NA,18.4463637958873,NA
"tmin_4kmM2_200809","2008","09",NA,16.7872728000988,NA
"tmin_4kmM2_200810","2008","10",NA,8.02636367624456,NA
"tmin_4kmM2_200811","2008","11",NA,3.38363636623729,NA
"tmin_4kmM2_200812","2008","12",NA,-0.587272727862,NA
"tmin_4kmM2_200901","2009","01",NA,-5.03090910478072,NA
"tmin_4kmM2_200902","2009","02",NA,-1.74272725798867,NA
"tmin_4kmM2_200903","2009","03",NA,1.63636365261945,NA
"tmin_4kmM2_200904","2009","04",NA,8.18181813846935,NA
"tmin_4kmM2_200905","2009","05",NA,13.8136362595992,NA
"tmin_4kmM2_200906","2009","06",NA,18.6154545870694,NA
"tmin_4kmM2_200907","2009","07",NA,19.1636366410689,NA
"tmin_4kmM2_200908","2009","08",NA,20.9445453990589,NA
"tmin_4kmM2_200909","2009","09",NA,15.7481818632646,NA
"tmin_4kmM2_200910","2009","10",NA,8.59545451944525,NA
"tmin_4kmM2_200911","2009","11",NA,5.764545397325,NA
"tmin_4kmM2_200912","2009","12",NA,-1.82818181406368,NA
"tmin_4kmM2_201001","2010","01",NA,-3.32090906663374,NA
"tmin_4kmM2_201002","2010","02",NA,-3.59181815927679,NA
"tmin_4kmM2_201003","2010","03",NA,4.51727279749784,NA
"tmin_4kmM2_201004","2010","04",NA,8.94636362249201,NA
"tmin_4kmM2_201005","2010","05",NA,14.289999961853,NA
"tmin_4kmM2_201006","2010","06",NA,20.5745454268022,NA
"tmin_4kmM2_201007","2010","07",NA,21.7900000485507,NA
"tmin_4kmM2_201008","2010","08",NA,20.7918186187744,NA
"tmin_4kmM2_201009","2010","09",NA,16.5627272345803,NA
"tmin_4kmM2_201010","2010","10",NA,9.84181820262562,NA
"tmin_4kmM2_201011","2010","11",NA,3.28363637490706,NA
"tmin_4kmM2_201012","2010","12",NA,-2.968181848526,NA
"tmin_4kmM2_201101","2011","01",NA,-3.8863635930148,NA
"tmin_4kmM2_201102","2011","02",NA,-1.65090909329328,NA
"tmin_4kmM2_201103","2011","03",NA,2.01818181167949,NA
"tmin_4kmM2_201104","2011","04",NA,9.19909078424627,NA
"tmin_4kmM2_201105","2011","05",NA,14.4299997849898,NA
"tmin_4kmM2_201106","2011","06",NA,19.4418180639094,NA
"tmin_4kmM2_201107","2011","07",NA,22.3181818181818,NA
"tmin_4kmM2_201108","2011","08",NA,20.1972727342085,NA
"tmin_4kmM2_201109","2011","09",NA,17.6572728590532,NA
"tmin_4kmM2_201110","2011","10",NA,9.00999988209118,NA
"tmin_4kmM2_201111","2011","11",NA,4.70818187973716,NA
"tmin_4kmM2_201112","2011","12",NA,1.08181817152283,NA
"tmin_4kmM2_201201","2012","01",NA,-1.48090909827839,NA
"tmin_4kmM2_201202","2012","02",NA,0.54272727380422,NA
"tmin_4kmM2_201203","2012","03",NA,6.54090907356956,NA
"tmin_4kmM2_201204","2012","04",NA,7.40545459227128,NA
"tmin_4kmM2_201205","2012","05",NA,15.4754545905373,NA
"tmin_4kmM2_201206","2012","06",NA,17.499999479814,NA
"tmin_4kmM2_201207","2012","07",NA,22.3536364815452,NA
"tmin_4kmM2_201208","2012","08",NA,20.8381817557595,NA
"tmin_4kmM2_201209","2012","09",NA,15.6490908536044,NA
"tmin_4kmM2_201210","2012","10",NA,9.81818181818182,NA
"tmin_4kmM2_201211","2012","11",NA,1.99818180907856,NA
"tmin_4kmM2_201212","2012","12",NA,2.06636363809759,NA
"tmin_4kmM2_201301","2013","01",NA,-1.01090908998793,NA
"tmin_4kmM2_201302","2013","02",NA,-1.8954545584592,NA
"tmin_4kmM2_201303","2013","03",NA,1.04636364226991,NA
"tmin_4kmM2_201304","2013","04",NA,7.72272738543424,NA
"tmin_4kmM2_201305","2013","05",NA,12.5509089556607,NA
"tmin_4kmM2_201306","2013","06",NA,19.0509088689631,NA
"tmin_4kmM2_201307","2013","07",NA,22.1672727411444,NA
"tmin_4kmM2_201308","2013","08",NA,19.0336366133256,NA
"tmin_4kmM2_201309","2013","09",NA,14.8881818597967,NA
"tmin_4kmM2_201310","2013","10",NA,10.486363584345,NA
"tmin_4kmM2_201311","2013","11",NA,2.32000001994046,NA
"tmin_4kmM2_201312","2013","12",NA,0.434545444493944,NA
"tmin_4kmM2_201401","2014","01",NA,-6.58363637057218,NA
"tmin_4kmM2_201402","2014","02",NA,-3.17818179997531,NA
"tmin_4kmM2_201403","2014","03",NA,-1.44363635778427,NA
"tmin_4kmM2_201404","2014","04",NA,6.77999999306419,NA
"tmin_4kmM2_201405","2014","05",NA,13.3063636259599,NA
"tmin_4kmM2_201406","2014","06",NA,18.8018183274703,NA
"tmin_4kmM2_201407","2014","07",NA,20.0936364260587,NA
"tmin_4kmM2_201408","2014","08",NA,18.6381816864014,NA
"tmin_4kmM2_201409","2014","09",NA,16.3809091394598,NA
"tmin_4kmM2_201410","2014","10",NA,10.8545455065641,NA
"tmin_4kmM2_201411","2014","11",NA,2.41818178783764,NA
"tmin_4kmM2_201412","2014","12",NA,1.10818180306391,NA
"tmin_4kmM2_201501","2015","01",NA,-4.05272728746588,NA
"tmin_4kmM2_201502","2015","02",NA,-7.88727274808017,NA
"tmin_4kmM2_201503","2015","03",NA,-0.715454550629312,NA
"tmin_4kmM2_201504","2015","04",NA,7.66636358607899,NA
"tmin_4kmM2_201505","2015","05",NA,15.8172726197676,NA
"tmin_4kmM2_201506","2015","06",NA,19.7290907773105,NA
"tmin_4kmM2_201507","2015","07",NA,21.1527273004705,NA
"tmin_4kmM2_201508","2015","08",NA,19.2027274045077,NA
"tmin_4kmM2_201509","2015","09",NA,17.6281818043102,NA
"tmin_4kmM2_201510","2015","10",NA,8.65999993410978,NA
"tmin_4kmM2_201511","2015","11",NA,5.80545451424339,NA
"tmin_4kmM2_201512","2015","12",NA,5.51454548402266,NA
"tmin_4kmM2_201601","2016","01",NA,-4.41090911084955,NA
"tmin_4kmM2_201602","2016","02",NA,-1.52636362747713,NA
"tmin_4kmM2_201603","2016","03",NA,4.87454550916498,NA
"tmin_4kmM2_201604","2016","04",NA,6.46272732994773,NA
"tmin_4kmM2_201605","2016","05",NA,12.5216362693093,NA
"tmin_4kmM2_201606","2016","06",NA,18.5407272685658,NA
"tmin_4kmM2_201607","2016","07",NA,21.9046363830566,NA
"tmin_4kmM2_201608","2016","08",NA,21.7188181443648,NA
"tmin_4kmM2_201609","2016","09",NA,18.6110002344305,NA
"tmin_4kmM2_201610","2016","10",NA,10.8170000423085,NA
"tmin_4kmM2_201611","2016","11",NA,3.20672726631165,NA
"tmin_4kmM2_201612","2016","12",NA,-0.173090906136415,NA
"tmin_4kmM2_201701","2017","01",NA,0.975545457818291,NA
"tmin_4kmM2_201702","2017","02",NA,1.11800001155246,NA
"tmin_4kmM2_201703","2017","03",NA,1.65481820431623,NA
"tmin_4kmM2_201704","2017","04",NA,11.0246361819181,NA
"tmin_4kmM2_201705","2017","05",NA,12.8261817585338,NA
"tmin_4kmM2_201706","2017","06",NA,18.3850909146396,NA
"ppt_4kmM3_201807","2018","07",NA,NA,229.973453868519
"ppt_4kmM3_201808","2018","08",NA,NA,148.118545532227
"ppt_4kmM3_201809","2018","09",NA,NA,295.507634943182
"ppt_4kmM3_201810","2018","10",NA,NA,90.1902729381215
"ppt_4kmM3_201811","2018","11",NA,NA,201.234818892045
"ppt_4kmM3_201812","2018","12",NA,NA,139.870907870206
"ppt_4kmM3_198101","1981","01",NA,NA,12.2799999930642
"ppt_4kmM3_198102","1981","02",NA,NA,90.0236365578391
"ppt_4kmM3_198103","1981","03",NA,NA,36.8609085083008
"ppt_4kmM3_198104","1981","04",NA,NA,67.4518189863725
"ppt_4kmM3_198105","1981","05",NA,NA,116.515454378995
"ppt_4kmM3_198106","1981","06",NA,NA,85.9381817904386
"ppt_4kmM3_198107","1981","07",NA,NA,125.892727244984
"ppt_4kmM3_198108","1981","08",NA,NA,93.3945444280451
"ppt_4kmM3_198109","1981","09",NA,NA,63.0572731711648
"ppt_4kmM3_198110","1981","10",NA,NA,83.44636258212
"ppt_4kmM3_198111","1981","11",NA,NA,12.0918182026256
"ppt_4kmM3_198112","1981","12",NA,NA,58.6854542818936
"ppt_4kmM3_198201","1982","01",NA,NA,81.1272735595703
"ppt_4kmM3_198202","1982","02",NA,NA,94.6509094238281
"ppt_4kmM3_198203","1982","03",NA,NA,65.5518181540749
"ppt_4kmM3_198204","1982","04",NA,NA,107.859090631658
"ppt_4kmM3_198205","1982","05",NA,NA,84.6400007768111
"ppt_4kmM3_198206","1982","06",NA,NA,138.435456709428
"ppt_4kmM3_198207","1982","07",NA,NA,92.5399995283647
"ppt_4kmM3_198208","1982","08",NA,NA,63.1490912003951
"ppt_4kmM3_198209","1982","09",NA,NA,65.3354547674006
"ppt_4kmM3_198210","1982","10",NA,NA,53.9672730185769
"ppt_4kmM3_198211","1982","11",NA,NA,85.9827277443626
"ppt_4kmM3_198212","1982","12",NA,NA,48.4918181679466
"ppt_4kmM3_198301","1983","01",NA,NA,41.8063631924716
"ppt_4kmM3_198302","1983","02",NA,NA,76.6763638583097
"ppt_4kmM3_198303","1983","03",NA,NA,114.907272338867
"ppt_4kmM3_198304","1983","04",NA,NA,197.825454711914
"ppt_4kmM3_198305","1983","05",NA,NA,124.697271867232
"ppt_4kmM3_198306","1983","06",NA,NA,150.102729103782
"ppt_4kmM3_198307","1983","07",NA,NA,29.6354546980424
"ppt_4kmM3_198308","1983","08",NA,NA,89.3454541293058
"ppt_4kmM3_198309","1983","09",NA,NA,67.4363653009588
"ppt_4kmM3_198310","1983","10",NA,NA,148.166363802823
"ppt_4kmM3_198311","1983","11",NA,NA,133.967271284624
"ppt_4kmM3_198312","1983","12",NA,NA,163.868180708452
"ppt_4kmM3_198401","1984","01",NA,NA,39.0318182164972
"ppt_4kmM3_198402","1984","02",NA,NA,101.921819513494
"ppt_4kmM3_198403","1984","03",NA,NA,151.648180874911
"ppt_4kmM3_198404","1984","04",NA,NA,94.4809084805575
"ppt_4kmM3_198405","1984","05",NA,NA,133.723638361151
"ppt_4kmM3_198406","1984","06",NA,NA,31.7409092296254
"ppt_4kmM3_198407","1984","07",NA,NA,144.270908702504
"ppt_4kmM3_198408","1984","08",NA,NA,84.069091796875
"ppt_4kmM3_198409","1984","09",NA,NA,46.3745453574441
"ppt_4kmM3_198410","1984","10",NA,NA,79.9681826504794
"ppt_4kmM3_198411","1984","11",NA,NA,90.6763631647283
"ppt_4kmM3_198412","1984","12",NA,NA,35.4236360029741
"ppt_4kmM3_198501","1985","01",NA,NA,59.0836375843395
"ppt_4kmM3_198502","1985","02",NA,NA,83.2609079534357
"ppt_4kmM3_198503","1985","03",NA,NA,49.0654550032182
"ppt_4kmM3_198504","1985","04",NA,NA,13.5509092157537
"ppt_4kmM3_198505","1985","05",NA,NA,133.766362276944
"ppt_4kmM3_198506","1985","06",NA,NA,58.1590905623002
"ppt_4kmM3_198507","1985","07",NA,NA,82.5100007490678
"ppt_4kmM3_198508","1985","08",NA,NA,75.4027266068892
"ppt_4kmM3_198509","1985","09",NA,NA,144.67727244984
"ppt_4kmM3_198510","1985","10",NA,NA,87.3336368907582
"ppt_4kmM3_198511","1985","11",NA,NA,133.302727439187
"ppt_4kmM3_198512","1985","12",NA,NA,31.8063640594482
"ppt_4kmM3_198601","1986","01",NA,NA,68.6436365300959
"ppt_4kmM3_198602","1986","02",NA,NA,93.5481824007901
"ppt_4kmM3_198603","1986","03",NA,NA,28.2590911171653
"ppt_4kmM3_198604","1986","04",NA,NA,81.8772721724077
"ppt_4kmM3_198605","1986","05",NA,NA,26.4418180639094
"ppt_4kmM3_198606","1986","06",NA,NA,53.5927273143421
"ppt_4kmM3_198607","1986","07",NA,NA,109.52454514937
"ppt_4kmM3_198608","1986","08",NA,NA,148.944545399059
"ppt_4kmM3_198609","1986","09",NA,NA,25.4481818459251
"ppt_4kmM3_198610","1986","10",NA,NA,51.9436364607377
"ppt_4kmM3_198611","1986","11",NA,NA,143.941818237305
"ppt_4kmM3_198612","1986","12",NA,NA,141.383635087447
"ppt_4kmM3_198701","1987","01",NA,NA,107.508181485263
"ppt_4kmM3_198702","1987","02",NA,NA,33.2172726717862
"ppt_4kmM3_198703","1987","03",NA,NA,42.3545455932617
"ppt_4kmM3_198704","1987","04",NA,NA,102.07909115878
"ppt_4kmM3_198705","1987","05",NA,NA,66.8354547674006
"ppt_4kmM3_198706","1987","06",NA,NA,100.176363164728
"ppt_4kmM3_198707","1987","07",NA,NA,34.7518183968284
"ppt_4kmM3_198708","1987","08",NA,NA,48.4745455655185
"ppt_4kmM3_198709","1987","09",NA,NA,178.724544178356
"ppt_4kmM3_198710","1987","10",NA,NA,74.555454600941
"ppt_4kmM3_198711","1987","11",NA,NA,103.475454157049
"ppt_4kmM3_198712","1987","12",NA,NA,63.2418181679466
"ppt_4kmM3_198801","1988","01",NA,NA,74.7099990844727
"ppt_4kmM3_198802","1988","02",NA,NA,80.830000443892
"ppt_4kmM3_198803","1988","03",NA,NA,64.8518170443448
"ppt_4kmM3_198804","1988","04",NA,NA,65.7427271062678
"ppt_4kmM3_198805","1988","05",NA,NA,147.833634810014
"ppt_4kmM3_198806","1988","06",NA,NA,19.8663632652976
"ppt_4kmM3_198807","1988","07",NA,NA,112.131817210804
"ppt_4kmM3_198808","1988","08",NA,NA,98.2772736982866
"ppt_4kmM3_198809","1988","09",NA,NA,48.2745454961603
"ppt_4kmM3_198810","1988","10",NA,NA,56.2809091047807
"ppt_4kmM3_198811","1988","11",NA,NA,136.818180431019
"ppt_4kmM3_198812","1988","12",NA,NA,28.9245456348766
"ppt_4kmM3_198901","1989","01",NA,NA,67.8954544067383
"ppt_4kmM3_198902","1989","02",NA,NA,76.3590899380771
"ppt_4kmM3_198903","1989","03",NA,NA,101.32272755016
"ppt_4kmM3_198904","1989","04",NA,NA,94.7409092296254
"ppt_4kmM3_198905","1989","05",NA,NA,229.81181751598
"ppt_4kmM3_198906","1989","06",NA,NA,158.805453213778
"ppt_4kmM3_198907","1989","07",NA,NA,147.705455433239
"ppt_4kmM3_198908","1989","08",NA,NA,9.48363637924194
"ppt_4kmM3_198909","1989","09",NA,NA,129.376362193714
"ppt_4kmM3_198910","1989","10",NA,NA,133.730908480558
"ppt_4kmM3_198911","1989","11",NA,NA,69.645453713157
"ppt_4kmM3_198912","1989","12",NA,NA,23.0099998820912
"ppt_4kmM3_199001","1990","01",NA,NA,113.600908452814
"ppt_4kmM3_199002","1990","02",NA,NA,39.6127270785245
"ppt_4kmM3_199003","1990","03",NA,NA,74.0227272727273
"ppt_4kmM3_199004","1990","04",NA,NA,117.639092185281
"ppt_4kmM3_199005","1990","05",NA,NA,152.920908147638
"ppt_4kmM3_199006","1990","06",NA,NA,68.897272976962
"ppt_4kmM3_199007","1990","07",NA,NA,114.862725691362
"ppt_4kmM3_199008","1990","08",NA,NA,178.541817405007
"ppt_4kmM3_199009","1990","09",NA,NA,34.283636786721
"ppt_4kmM3_199010","1990","10",NA,NA,111.327273282138
"ppt_4kmM3_199011","1990","11",NA,NA,56.5509085221724
"ppt_4kmM3_199012","1990","12",NA,NA,128.537273060192
"ppt_4kmM3_199101","1991","01",NA,NA,80.9945470636541
"ppt_4kmM3_199102","1991","02",NA,NA,23.4699998335405
"ppt_4kmM3_199103","1991","03",NA,NA,137.900908036665
"ppt_4kmM3_199104","1991","04",NA,NA,44.8681820956143
"ppt_4kmM3_199105","1991","05",NA,NA,42.0127272172408
"ppt_4kmM3_199106","1991","06",NA,NA,51.3409090909091
"ppt_4kmM3_199107","1991","07",NA,NA,123.241819208319
"ppt_4kmM3_199108","1991","08",NA,NA,52.8963633450595
"ppt_4kmM3_199109","1991","09",NA,NA,92.8754542957653
"ppt_4kmM3_199110","1991","10",NA,NA,70.1909096457741
"ppt_4kmM3_199111","1991","11",NA,NA,33.8854540044611
"ppt_4kmM3_199112","1991","12",NA,NA,131.018182927912
"ppt_4kmM3_199201","1992","01",NA,NA,57.1990907842463
"ppt_4kmM3_199202","1992","02",NA,NA,69.5509095625444
"ppt_4kmM3_199203","1992","03",NA,NA,105.812726801092
"ppt_4kmM3_199204","1992","04",NA,NA,72.9836356423118
"ppt_4kmM3_199205","1992","05",NA,NA,99.9309095902876
"ppt_4kmM3_199206","1992","06",NA,NA,44.3890907981179
"ppt_4kmM3_199207","1992","07",NA,NA,137.744545676491
"ppt_4kmM3_199208","1992","08",NA,NA,86.9499997225675
"ppt_4kmM3_199209","1992","09",NA,NA,125.133635781028
"ppt_4kmM3_199210","1992","10",NA,NA,49.4381817904386
"ppt_4kmM3_199211","1992","11",NA,NA,110.633637168191
"ppt_4kmM3_199212","1992","12",NA,NA,99.8409090909091
"ppt_4kmM3_199301","1993","01",NA,NA,76.8909093683416
"ppt_4kmM3_199302","1993","02",NA,NA,61.2363645380194
"ppt_4kmM3_199303","1993","03",NA,NA,198.063637473366
"ppt_4kmM3_199304","1993","04",NA,NA,120.523635864258
"ppt_4kmM3_199305","1993","05",NA,NA,91.7545464255593
"ppt_4kmM3_199306","1993","06",NA,NA,60.4500000693581
"ppt_4kmM3_199307","1993","07",NA,NA,62.3718188892711
"ppt_4kmM3_199308","1993","08",NA,NA,115.058181069114
"ppt_4kmM3_199309","1993","09",NA,NA,118.523635864258
"ppt_4kmM3_199310","1993","10",NA,NA,70.5236358642578
"ppt_4kmM3_199311","1993","11",NA,NA,141.464546897195
"ppt_4kmM3_199312","1993","12",NA,NA,113.772727272727
"ppt_4kmM3_199401","1994","01",NA,NA,100.623637112704
"ppt_4kmM3_199402","1994","02",NA,NA,97.4227281050249
"ppt_4kmM3_199403","1994","03",NA,NA,211.327273282138
"ppt_4kmM3_199404","1994","04",NA,NA,50.1027273698287
"ppt_4kmM3_199405","1994","05",NA,NA,63.4472718672319
"ppt_4kmM3_199406","1994","06",NA,NA,90.0145464810458
"ppt_4kmM3_199407","1994","07",NA,NA,149.416365189986
"ppt_4kmM3_199408","1994","08",NA,NA,138.691818237305
"ppt_4kmM3_199409","1994","09",NA,NA,81.7709100896662
"ppt_4kmM3_199410","1994","10",NA,NA,40.3827268427069
"ppt_4kmM3_199411","1994","11",NA,NA,49.9881813742898
"ppt_4kmM3_199412","1994","12",NA,NA,51.3054542541504
"ppt_4kmM3_199501","1995","01",NA,NA,96.6290900490501
"ppt_4kmM3_199502","1995","02",NA,NA,40.7881816517223
"ppt_4kmM3_199503","1995","03",NA,NA,51.5454545454545
"ppt_4kmM3_199504","1995","04",NA,NA,33.4681816101074
"ppt_4kmM3_199505","1995","05",NA,NA,151.9654527144
"ppt_4kmM3_199506","1995","06",NA,NA,81.7881816517223
"ppt_4kmM3_199507","1995","07",NA,NA,92.8527277166193
"ppt_4kmM3_199508","1995","08",NA,NA,42.3827278830788
"ppt_4kmM3_199509","1995","09",NA,NA,92.3081817626953
"ppt_4kmM3_199510","1995","10",NA,NA,171.239091352983
"ppt_4kmM3_199511","1995","11",NA,NA,125.816363247958
"ppt_4kmM3_199512","1995","12",NA,NA,51.8199996948242
"ppt_4kmM3_199601","1996","01",NA,NA,162.870907870206
"ppt_4kmM3_199602","1996","02",NA,NA,60.1790903264826
"ppt_4kmM3_199603","1996","03",NA,NA,93.049091685902
"ppt_4kmM3_199604","1996","04",NA,NA,78.4581805142489
"ppt_4kmM3_199605","1996","05",NA,NA,145.299093073065
"ppt_4kmM3_199606","1996","06",NA,NA,120.326362609863
"ppt_4kmM3_199607","1996","07",NA,NA,138.77272865989
"ppt_4kmM3_199608","1996","08",NA,NA,76.9863634976474
"ppt_4kmM3_199609","1996","09",NA,NA,191.574546120384
"ppt_4kmM3_199610","1996","10",NA,NA,123.010909340598
"ppt_4kmM3_199611","1996","11",NA,NA,81.8372733376243
"ppt_4kmM3_199612","1996","12",NA,NA,143.556361805309
"ppt_4kmM3_199701","1997","01",NA,NA,55.9536358226429
"ppt_4kmM3_199702","1997","02",NA,NA,63.3699992786754
"ppt_4kmM3_199703","1997","03",NA,NA,114.784545204856
"ppt_4kmM3_199704","1997","04",NA,NA,63.9345449967818
"ppt_4kmM3_199705","1997","05",NA,NA,96.7663643576882
"ppt_4kmM3_199706","1997","06",NA,NA,93.2772730047053
"ppt_4kmM3_199707","1997","07",NA,NA,52.6181817488237
"ppt_4kmM3_199708","1997","08",NA,NA,84.7963624434038
"ppt_4kmM3_199709","1997","09",NA,NA,58.1599998474121
"ppt_4kmM3_199710","1997","10",NA,NA,92.4200009432706
"ppt_4kmM3_199711","1997","11",NA,NA,149.505450162021
"ppt_4kmM3_199712","1997","12",NA,NA,52.5509092157537
"ppt_4kmM3_199801","1998","01",NA,NA,142.379999334162
"ppt_4kmM3_199802","1998","02",NA,NA,146.990905761719
"ppt_4kmM3_199803","1998","03",NA,NA,170.290911587802
"ppt_4kmM3_199804","1998","04",NA,NA,101.960908369585
"ppt_4kmM3_199805","1998","05",NA,NA,117.28000016646
"ppt_4kmM3_199806","1998","06",NA,NA,115.285454489968
"ppt_4kmM3_199807","1998","07",NA,NA,48.9418185840954
"ppt_4kmM3_199808","1998","08",NA,NA,32.8872727480802
"ppt_4kmM3_199809","1998","09",NA,NA,49.9654547951438
"ppt_4kmM3_199810","1998","10",NA,NA,24.9781818389893
"ppt_4kmM3_199811","1998","11",NA,NA,29.8745455308394
"ppt_4kmM3_199812","1998","12",NA,NA,48.3345454822887
"ppt_4kmM3_199901","1999","01",NA,NA,144.712729714134
"ppt_4kmM3_199902","1999","02",NA,NA,53.4227270646529
"ppt_4kmM3_199903","1999","03",NA,NA,106.870000665838
"ppt_4kmM3_199904","1999","04",NA,NA,61.9663633866744
"ppt_4kmM3_199905","1999","05",NA,NA,32.5145457874645
"ppt_4kmM3_199906","1999","06",NA,NA,65.711818001487
"ppt_4kmM3_199907","1999","07",NA,NA,19.4572729630904
"ppt_4kmM3_199908","1999","08",NA,NA,113.647270896218
"ppt_4kmM3_199909","1999","09",NA,NA,280.346363414418
"ppt_4kmM3_199910","1999","10",NA,NA,61.3263639970259
"ppt_4kmM3_199911","1999","11",NA,NA,49.689999667081
"ppt_4kmM3_199912","1999","12",NA,NA,72.0081828724254
"ppt_4kmM3_200001","2000","01",NA,NA,81.4990914084695
"ppt_4kmM3_200002","2000","02",NA,NA,54.6445454684171
"ppt_4kmM3_200003","2000","03",NA,NA,106.306363192472
"ppt_4kmM3_200004","2000","04",NA,NA,122.215454101562
"ppt_4kmM3_200005","2000","05",NA,NA,63.3990912003951
"ppt_4kmM3_200006","2000","06",NA,NA,116.595455516468
"ppt_4kmM3_200007","2000","07",NA,NA,122.413636641069
"ppt_4kmM3_200008","2000","08",NA,NA,115.064545371316
"ppt_4kmM3_200009","2000","09",NA,NA,108.561818209561
"ppt_4kmM3_200010","2000","10",NA,NA,1.89909090779044
"ppt_4kmM3_200011","2000","11",NA,NA,53.5454548922452
"ppt_4kmM3_200012","2000","12",NA,NA,76.169999556108
"ppt_4kmM3_200101","2001","01",NA,NA,67.9118194580078
"ppt_4kmM3_200102","2001","02",NA,NA,55.5127279108221
"ppt_4kmM3_200103","2001","03",NA,NA,115.59090978449
"ppt_4kmM3_200104","2001","04",NA,NA,51.8263636502353
"ppt_4kmM3_200105","2001","05",NA,NA,129.199090437456
"ppt_4kmM3_200106","2001","06",NA,NA,136.512729991566
"ppt_4kmM3_200107","2001","07",NA,NA,138.103634920987
"ppt_4kmM3_200108","2001","08",NA,NA,127.149090853604
"ppt_4kmM3_200109","2001","09",NA,NA,66.0100007490678
"ppt_4kmM3_200110","2001","10",NA,NA,22.8254541917281
"ppt_4kmM3_200111","2001","11",NA,NA,25.3790905692361
"ppt_4kmM3_200112","2001","12",NA,NA,42.5163640108975
"ppt_4kmM3_200201","2002","01",NA,NA,38.4727273420854
"ppt_4kmM3_200202","2002","02",NA,NA,11.5127273039384
"ppt_4kmM3_200203","2002","03",NA,NA,89.2563629150391
"ppt_4kmM3_200204","2002","04",NA,NA,103.029090187766
"ppt_4kmM3_200205","2002","05",NA,NA,68.3945458152077
"ppt_4kmM3_200206","2002","06",NA,NA,64.5909094376998
"ppt_4kmM3_200207","2002","07",NA,NA,55.0254537409002
"ppt_4kmM3_200208","2002","08",NA,NA,73.2109094099565
"ppt_4kmM3_200209","2002","09",NA,NA,80.4963642467152
"ppt_4kmM3_200210","2002","10",NA,NA,156.119092074308
"ppt_4kmM3_200211","2002","11",NA,NA,114.730909174139
"ppt_4kmM3_200212","2002","12",NA,NA,112.551818154075
"ppt_4kmM3_200301","2003","01",NA,NA,71.5863633589311
"ppt_4kmM3_200302","2003","02",NA,NA,191.559998945756
"ppt_4kmM3_200303","2003","03",NA,NA,110.99363639138
"ppt_4kmM3_200304","2003","04",NA,NA,69.0781825672496
"ppt_4kmM3_200305","2003","05",NA,NA,190.663635253906
"ppt_4kmM3_200306","2003","06",NA,NA,208.980907093395
"ppt_4kmM3_200307","2003","07",NA,NA,177.366364912553
"ppt_4kmM3_200308","2003","08",NA,NA,119.100909146396
"ppt_4kmM3_200309","2003","09",NA,NA,191.642726551403
"ppt_4kmM3_200310","2003","10",NA,NA,128.105455571955
"ppt_4kmM3_200311","2003","11",NA,NA,134.443636113947
"ppt_4kmM3_200312","2003","12",NA,NA,119.695453990589
"ppt_4kmM3_200401","2004","01",NA,NA,44.1290914362127
"ppt_4kmM3_200402","2004","02",NA,NA,61.6336364746094
"ppt_4kmM3_200403","2004","03",NA,NA,62.5581817626953
"ppt_4kmM3_200404","2004","04",NA,NA,113.187273198908
"ppt_4kmM3_200405","2004","05",NA,NA,70.9400000138716
"ppt_4kmM3_200406","2004","06",NA,NA,110.613636363636
"ppt_4kmM3_200407","2004","07",NA,NA,163.629090742631
"ppt_4kmM3_200408","2004","08",NA,NA,110.797271728516
"ppt_4kmM3_200409","2004","09",NA,NA,94.4890899658203
"ppt_4kmM3_200410","2004","10",NA,NA,36.01818188754
"ppt_4kmM3_200411","2004","11",NA,NA,116.020002191717
"ppt_4kmM3_200412","2004","12",NA,NA,77.4209088412198
"ppt_4kmM3_200501","2005","01",NA,NA,85.7018189863725
"ppt_4kmM3_200502","2005","02",NA,NA,33.3781812841242
"ppt_4kmM3_200503","2005","03",NA,NA,121.472726995295
"ppt_4kmM3_200504","2005","04",NA,NA,93.6609087857333
"ppt_4kmM3_200505","2005","05",NA,NA,128.123635725542
"ppt_4kmM3_200506","2005","06",NA,NA,67.6354546980424
"ppt_4kmM3_200507","2005","07",NA,NA,131.182728854093
"ppt_4kmM3_200508","2005","08",NA,NA,57.8400001525879
"ppt_4kmM3_200509","2005","09",NA,NA,5.98181819915771
"ppt_4kmM3_200510","2005","10",NA,NA,242.38545365767
"ppt_4kmM3_200511","2005","11",NA,NA,53.457273309881
"ppt_4kmM3_200512","2005","12",NA,NA,80.6963639692827
"ppt_4kmM3_200601","2006","01",NA,NA,83.0418174050071
"ppt_4kmM3_200602","2006","02",NA,NA,62.199090090665
"ppt_4kmM3_200603","2006","03",NA,NA,2.18999998136
"ppt_4kmM3_200604","2006","04",NA,NA,84.228180625222
"ppt_4kmM3_200605","2006","05",NA,NA,59.5236365578391
"ppt_4kmM3_200606","2006","06",NA,NA,326.555453213778
"ppt_4kmM3_200607","2006","07",NA,NA,77.2472724914551
"ppt_4kmM3_200608","2006","08",NA,NA,22.7399999445135
"ppt_4kmM3_200609","2006","09",NA,NA,168.193635420366
"ppt_4kmM3_200610","2006","10",NA,NA,125.107272061435
"ppt_4kmM3_200611","2006","11",NA,NA,140.160909479315
"ppt_4kmM3_200612","2006","12",NA,NA,40.2418185147372
"ppt_4kmM3_200701","2007","01",NA,NA,62.8518187782981
"ppt_4kmM3_200702","2007","02",NA,NA,61.3427269675515
"ppt_4kmM3_200703","2007","03",NA,NA,88.56727253307
"ppt_4kmM3_200704","2007","04",NA,NA,118.846362720836
"ppt_4kmM3_200705","2007","05",NA,NA,31.1945450522683
"ppt_4kmM3_200706","2007","06",NA,NA,59.3990905068137
"ppt_4kmM3_200707","2007","07",NA,NA,58.060000332919
"ppt_4kmM3_200708","2007","08",NA,NA,86.5545460094105
"ppt_4kmM3_200709","2007","09",NA,NA,17.397272976962
"ppt_4kmM3_200710","2007","10",NA,NA,153.229998501864
"ppt_4kmM3_200711","2007","11",NA,NA,41.7945452603427
"ppt_4kmM3_200712","2007","12",NA,NA,88.4881799871271
"ppt_4kmM3_200801","2008","01",NA,NA,36.5945451909846
"ppt_4kmM3_200802","2008","02",NA,NA,102.643637223677
"ppt_4kmM3_200803","2008","03",NA,NA,72.1936368075284
"ppt_4kmM3_200804","2008","04",NA,NA,145.554545315829
"ppt_4kmM3_200805","2008","05",NA,NA,212.867272116921
"ppt_4kmM3_200806","2008","06",NA,NA,157.751817183061
"ppt_4kmM3_200807","2008","07",NA,NA,108.729090603915
"ppt_4kmM3_200808","2008","08",NA,NA,35.4054546356201
"ppt_4kmM3_200809","2008","09",NA,NA,137.773635864258
"ppt_4kmM3_200810","2008","10",NA,NA,47.7918184453791
"ppt_4kmM3_200811","2008","11",NA,NA,45.8427273143421
"ppt_4kmM3_200812","2008","12",NA,NA,89.2272713401101
"ppt_4kmM3_200901","2009","01",NA,NA,77.1272721724077
"ppt_4kmM3_200902","2009","02",NA,NA,7.32727267525413
"ppt_4kmM3_200903","2009","03",NA,NA,56.8036356839267
"ppt_4kmM3_200904","2009","04",NA,NA,120.333636890758
"ppt_4kmM3_200905","2009","05",NA,NA,200.224545565518
"ppt_4kmM3_200906","2009","06",NA,NA,164.457273309881
"ppt_4kmM3_200907","2009","07",NA,NA,68.7190898548473
"ppt_4kmM3_200908","2009","08",NA,NA,100.188181790439
"ppt_4kmM3_200909","2009","09",NA,NA,74.8490909229625
"ppt_4kmM3_200910","2009","10",NA,NA,150.67545596036
"ppt_4kmM3_200911","2009","11",NA,NA,118.413636641069
"ppt_4kmM3_200912","2009","12",NA,NA,175.900000832298
"ppt_4kmM3_201001","2010","01",NA,NA,52.3790910894221
"ppt_4kmM3_201002","2010","02",NA,NA,107.104545593262
"ppt_4kmM3_201003","2010","03",NA,NA,97.5009085915305
"ppt_4kmM3_201004","2010","04",NA,NA,39.1390914916992
"ppt_4kmM3_201005","2010","05",NA,NA,71.1281814575195
"ppt_4kmM3_201006","2010","06",NA,NA,46.8745453574441
"ppt_4kmM3_201007","2010","07",NA,NA,124.334545482289
"ppt_4kmM3_201008","2010","08",NA,NA,167.270907315341
"ppt_4kmM3_201009","2010","09",NA,NA,75.5654546564276
"ppt_4kmM3_201010","2010","10",NA,NA,160.359999223189
"ppt_4kmM3_201011","2010","11",NA,NA,55.7581814852628
"ppt_4kmM3_201012","2010","12",NA,NA,46.8663635253906
"ppt_4kmM3_201101","2011","01",NA,NA,56.1790913668546
"ppt_4kmM3_201102","2011","02",NA,NA,49.0627271478826
"ppt_4kmM3_201103","2011","03",NA,NA,140.146365079013
"ppt_4kmM3_201104","2011","04",NA,NA,91.0399995283647
"ppt_4kmM3_201105","2011","05",NA,NA,53.8581813465465
"ppt_4kmM3_201106","2011","06",NA,NA,36.1154547604648
"ppt_4kmM3_201107","2011","07",NA,NA,62.0681825117631
"ppt_4kmM3_201108","2011","08",NA,NA,217.839996337891
"ppt_4kmM3_201109","2011","09",NA,NA,236.292725996538
"ppt_4kmM3_201110","2011","10",NA,NA,112.25
"ppt_4kmM3_201111","2011","11",NA,NA,50.9790909507058
"ppt_4kmM3_201112","2011","12",NA,NA,117.825454711914
"ppt_4kmM3_201201","2012","01",NA,NA,58.2790908813477
"ppt_4kmM3_201202","2012","02",NA,NA,26.4209091880105
"ppt_4kmM3_201203","2012","03",NA,NA,50.5836358503862
"ppt_4kmM3_201204","2012","04",NA,NA,54.3336365439675
"ppt_4kmM3_201205","2012","05",NA,NA,83.8836371681907
"ppt_4kmM3_201206","2012","06",NA,NA,79.2545464255593
"ppt_4kmM3_201207","2012","07",NA,NA,82.582726912065
"ppt_4kmM3_201208","2012","08",NA,NA,74.8245450800115
"ppt_4kmM3_201209","2012","09",NA,NA,94.5436373623935
"ppt_4kmM3_201210","2012","10",NA,NA,234.101814963601
"ppt_4kmM3_201211","2012","11",NA,NA,18.2563636086204
"ppt_4kmM3_201212","2012","12",NA,NA,87.4636355313388
"ppt_4kmM3_201301","2013","01",NA,NA,73.4790912974965
"ppt_4kmM3_201302","2013","02",NA,NA,46.6709091880105
"ppt_4kmM3_201303","2013","03",NA,NA,76.6036356145685
"ppt_4kmM3_201304","2013","04",NA,NA,63.1736363497647
"ppt_4kmM3_201305","2013","05",NA,NA,73.1527276472612
"ppt_4kmM3_201306","2013","06",NA,NA,221.358180652965
"ppt_4kmM3_201307","2013","07",NA,NA,105.335454767401
"ppt_4kmM3_201308","2013","08",NA,NA,52.1290903958407
"ppt_4kmM3_201309","2013","09",NA,NA,45.3936361833052
"ppt_4kmM3_201310","2013","10",NA,NA,166.274545842951
"ppt_4kmM3_201311","2013","11",NA,NA,76.7036375565962
"ppt_4kmM3_201312","2013","12",NA,NA,135.936363913796
"ppt_4kmM3_201401","2014","01",NA,NA,66.0245465365323
"ppt_4kmM3_201402","2014","02",NA,NA,110.148181568493
"ppt_4kmM3_201403","2014","03",NA,NA,109.825454018333
"ppt_4kmM3_201404","2014","04",NA,NA,123.48999786377
"ppt_4kmM3_201405","2014","05",NA,NA,197.427271062678
"ppt_4kmM3_201406","2014","06",NA,NA,95.8354554609819
"ppt_4kmM3_201407","2014","07",NA,NA,101.43272746693
"ppt_4kmM3_201408","2014","08",NA,NA,101.702727577903
"ppt_4kmM3_201409","2014","09",NA,NA,66.6299996809526
"ppt_4kmM3_201410","2014","10",NA,NA,105.124546397816
"ppt_4kmM3_201411","2014","11",NA,NA,77.2218184037642
"ppt_4kmM3_201412","2014","12",NA,NA,95.2654550725763
"ppt_4kmM3_201501","2015","01",NA,NA,95.1563630537553
"ppt_4kmM3_201502","2015","02",NA,NA,46.4681819568981
"ppt_4kmM3_201503","2015","03",NA,NA,113.886364329945
"ppt_4kmM3_201504","2015","04",NA,NA,87.7800001664595
"ppt_4kmM3_201505","2015","05",NA,NA,59.064546064897
"ppt_4kmM3_201506","2015","06",NA,NA,303.323633367365
"ppt_4kmM3_201507","2015","07",NA,NA,122.834545482289
"ppt_4kmM3_201508","2015","08",NA,NA,35.5100000554865
"ppt_4kmM3_201509","2015","09",NA,NA,71.7845445112749
"ppt_4kmM3_201510","2015","10",NA,NA,91.2645450938832
"ppt_4kmM3_201511","2015","11",NA,NA,56.756363955411
"ppt_4kmM3_201512","2015","12",NA,NA,125.485999367454
"ppt_4kmM3_201601","2016","01",NA,NA,84.797907742587
"ppt_4kmM3_201602","2016","02",NA,NA,111.232637578791
"ppt_4kmM3_201603","2016","03",NA,NA,37.9454550309615
"ppt_4kmM3_201604","2016","04",NA,NA,54.3706359863281
"ppt_4kmM3_201605","2016","05",NA,NA,154.79209206321
"ppt_4kmM3_201606","2016","06",NA,NA,89.511364329945
"ppt_4kmM3_201607","2016","07",NA,NA,140.91918182373
"ppt_4kmM3_201608","2016","08",NA,NA,75.3644540960138
"ppt_4kmM3_201609","2016","09",NA,NA,81.7532737038352
"ppt_4kmM3_201610","2016","10",NA,NA,26.5426365245472
"ppt_4kmM3_201611","2016","11",NA,NA,11.2550910602916
"ppt_4kmM3_201612","2016","12",NA,NA,90.3390905206854
"ppt_4kmM3_201701","2017","01",NA,NA,72.7052730213512
"ppt_4kmM3_201702","2017","02",NA,NA,10.7306363799355
"ppt_4kmM3_201703","2017","03",NA,NA,78.7752727161754
"ppt_4kmM3_201704","2017","04",NA,NA,98.4459998390891
"ppt_4kmM3_201705","2017","05",NA,NA,165.748002485795
"ppt_4kmM3_201706","2017","06",NA,NA,29.5600910186768
"ppt_4kmM3_201707","2017","07",NA,NA,229.848725752397
"ppt_4kmM3_201708","2017","08",NA,NA,159.674453735352
"ppt_4kmM3_201709","2017","09",NA,NA,49.0423639470881
"ppt_4kmM3_201710","2017","10",NA,NA,68.4294544566761
"ppt_4kmM3_201711","2017","11",NA,NA,55.9187268343839
"ppt_4kmM3_201712","2017","12",NA,NA,17.2870001359419
"ppt_4kmM3_201801","2018","01",NA,NA,23.2109092365612
"ppt_4kmM3_201802","2018","02",NA,NA,128.772908991033
"ppt_4kmM3_201803","2018","03",NA,NA,53.8268182927912
"ppt_4kmM3_201804","2018","04",NA,NA,101.918636668812
"ppt_4kmM3_201805","2018","05",NA,NA,218.582092285156
"ppt_4kmM3_201806","2018","06",NA,NA,167.071818958629
